iso3,code,name,year,classification,total_records
ALB,8,Albania,2002,H1,38026
ALB,8,Albania,2003,H2,41910
ALB,8,Albania,2004,H2,45110
ALB,8,Albania,2005,H2,53326
ALB,8,Albania,2006,H2,56261
DZA,12,Algeria,2002,H2,75025
DZA,12,Algeria,2003,H2,73445
DZA,12,Algeria,2004,H2,76637
DZA,12,Algeria,2005,H2,80961
DZA,12,Algeria,2006,H2,81760
AND,20,Andorra,2002,H2,30597
AND,20,Andorra,2003,H2,31050
AND,20,Andorra,2004,H2,31639
AND,20,Andorra,2005,H2,4233
AND,20,Andorra,2006,H2,31442
AGO,24,Angola,2004,H1,353570
AGO,24,Angola,2005,H2,372176
AGO,24,Angola,2006,H2,411003
ATG,28,Antigua and Barbuda,2005,H1,40588
ATG,28,Antigua and Barbuda,2006,H1,27331
AZE,31,Azerbaijan,2002,H1,38211
AZE,31,Azerbaijan,2003,H1,40425
AZE,31,Azerbaijan,2004,H2,42866
AZE,31,Azerbaijan,2005,H2,47822
AZE,31,Azerbaijan,2006,H2,51831
ARG,32,Argentina,2002,H2,136304
ARG,32,Argentina,2003,H2,147104
ARG,32,Argentina,2004,H2,155831
ARG,32,Argentina,2005,H2,165730
ARG,32,Argentina,2006,H2,174454
AUS,36,Australia,2002,H2,267715
AUS,36,Australia,2003,H2,267167
AUS,36,Australia,2004,H2,273952
AUS,36,Australia,2005,H2,276504
AUS,36,Australia,2006,H2,264484
AUT,40,Austria,2002,H2,339529
AUT,40,Austria,2003,H2,343466
AUT,40,Austria,2004,H2,352412
AUT,40,Austria,2005,H2,359110
AUT,40,Austria,2006,H2,373786
BHS,44,Bahamas,2002,H1,34230
BHS,44,Bahamas,2003,H2,34642
BHS,44,Bahamas,2004,H2,32815
BHS,44,Bahamas,2005,H2,21924
BHS,44,Bahamas,2006,H2,31878
BHR,48,Bahrain,2002,H2,75151
BHR,48,Bahrain,2003,H2,73922
BHR,48,Bahrain,2004,H2,70610
BHR,48,Bahrain,2005,H2,88315
BHR,48,Bahrain,2006,H2,71403
BGD,50,Bangladesh,2002,H2,72531
BGD,50,Bangladesh,2003,H2,75699
BGD,50,Bangladesh,2004,H2,82670
BGD,50,Bangladesh,2005,H2,83695
BGD,50,Bangladesh,2006,H2,82132
ARM,51,Armenia,2002,H1,39464
ARM,51,Armenia,2003,H2,42974
ARM,51,Armenia,2004,H2,45892
ARM,51,Armenia,2005,H2,48277
ARM,51,Armenia,2006,H2,57591
BRB,52,Barbados,2002,H1,70630
BRB,52,Barbados,2003,H1,68759
BRB,52,Barbados,2004,H1,66435
BRB,52,Barbados,2005,H2,71415
BRB,52,Barbados,2006,H2,76020
BEL,56,Belgium,2002,H2,361392
BEL,56,Belgium,2003,H2,364894
BEL,56,Belgium,2004,H2,382736
BEL,56,Belgium,2005,H2,400613
BEL,56,Belgium,2006,H2,403572
BMU,60,Bermuda,2005,H2,10466
BMU,60,Bermuda,2006,H2,11170
BTN,64,Bhutan,2005,H2,16835
BTN,64,Bhutan,2006,H2,16880
BOL,68,Bolivia (Plurinational State of),2002,H2,174483
BOL,68,Bolivia (Plurinational State of),2003,H2,181355
BOL,68,Bolivia (Plurinational State of),2004,H2,206914
BOL,68,Bolivia (Plurinational State of),2005,H2,216919
BOL,68,Bolivia (Plurinational State of),2006,H2,213024
BIH,70,Bosnia Herzegovina,2003,H2,87590
BIH,70,Bosnia Herzegovina,2004,H2,105352
BIH,70,Bosnia Herzegovina,2005,H2,108635
BIH,70,Bosnia Herzegovina,2006,H2,110763
BWA,72,Botswana,2002,H1,40876
BWA,72,Botswana,2003,H1,35859
BWA,72,Botswana,2004,H1,41150
BWA,72,Botswana,2005,H1,42609
BWA,72,Botswana,2006,H1,43676
BRA,76,Brazil,2002,H2,540792
BRA,76,Brazil,2003,H2,568306
BRA,76,Brazil,2004,H2,602630
BRA,76,Brazil,2005,H2,667691
BRA,76,Brazil,2006,H2,657416
BLZ,84,Belize,2002,H1,25513
BLZ,84,Belize,2003,H1,58731
BLZ,84,Belize,2004,H1,62682
BLZ,84,Belize,2005,H2,55648
BLZ,84,Belize,2006,H2,27850
SLB,90,Solomon Isds,2002,H2,6380
SLB,90,Solomon Isds,2003,H2,6208
SLB,90,Solomon Isds,2004,H2,7329
SLB,90,Solomon Isds,2005,H2,8010
SLB,90,Solomon Isds,2006,H2,8281
BRN,96,Brunei Darussalam,2002,H1,52434
BRN,96,Brunei Darussalam,2003,H1,52356
BRN,96,Brunei Darussalam,2004,H2,61661
BRN,96,Brunei Darussalam,2006,H2,59231
EUR,97,European Union,2002,H2,840608
EUR,97,European Union,2003,H2,835130
EUR,97,European Union,2004,H2,843949
EUR,97,European Union,2005,H2,839717
EUR,97,European Union,2006,H2,850913
BGR,100,Bulgaria,2002,H2,158241
BGR,100,Bulgaria,2003,H2,160294
BGR,100,Bulgaria,2004,H2,173282
BGR,100,Bulgaria,2005,H2,172350
BGR,100,Bulgaria,2006,H2,188914
BDI,108,Burundi,2002,H0,15678
BDI,108,Burundi,2003,H1,13461
BDI,108,Burundi,2004,H1,14144
BDI,108,Burundi,2005,H1,19812
BDI,108,Burundi,2006,H2,20700
BLR,112,Belarus,2002,H2,89494
BLR,112,Belarus,2003,H2,93854
BLR,112,Belarus,2004,H2,98753
BLR,112,Belarus,2005,H2,102045
BLR,112,Belarus,2006,H2,106557
KHM,116,Cambodia,2002,H1,29831
KHM,116,Cambodia,2003,H1,31374
KHM,116,Cambodia,2004,H2,32342
KHM,116,Cambodia,2005,H2,33105
KHM,116,Cambodia,2006,H2,33865
CMR,120,Cameroon,2002,H1,53379
CMR,120,Cameroon,2003,H1,55355
CMR,120,Cameroon,2004,H1,53224
CMR,120,Cameroon,2005,H2,49877
CMR,120,Cameroon,2006,H2,50889
CAN,124,Canada,2002,H2,299241
CAN,124,Canada,2003,H2,337589
CAN,124,Canada,2004,H2,440905
CAN,124,Canada,2005,H2,472089
CAN,124,Canada,2006,H2,486641
CPV,132,Cabo Verde,2002,H1,19040
CPV,132,Cabo Verde,2003,H1,23666
CPV,132,Cabo Verde,2004,H1,23774
CPV,132,Cabo Verde,2005,H1,34838
CPV,132,Cabo Verde,2006,H1,36491
CAF,140,Central African Rep.,2002,H0,6405
CAF,140,Central African Rep.,2003,H0,6935
CAF,140,Central African Rep.,2004,H0,8058
CAF,140,Central African Rep.,2005,H0,8377
CAF,140,Central African Rep.,2006,H2,1139
LKA,144,Sri Lanka,2002,H2,118765
LKA,144,Sri Lanka,2003,H2,112037
LKA,144,Sri Lanka,2004,H2,114303
LKA,144,Sri Lanka,2005,H2,118049
LKA,144,Sri Lanka,2006,H2,117078
CHL,152,Chile,2002,H2,126209
CHL,152,Chile,2003,H2,153618
CHL,152,Chile,2004,H2,157780
CHL,152,Chile,2005,H2,160928
CHL,152,Chile,2006,H2,163950
CHN,156,China,2002,H2,461827
CHN,156,China,2003,H2,494335
CHN,156,China,2004,H2,528655
CHN,156,China,2005,H2,564885
CHN,156,China,2006,H2,598883
COL,170,Colombia,2002,H2,122701
COL,170,Colombia,2003,H2,128704
COL,170,Colombia,2004,H2,134225
COL,170,Colombia,2005,H2,143914
COL,170,Colombia,2006,H2,144440
COM,174,Comoros,2002,H0,8373
COM,174,Comoros,2003,H0,8303
COM,174,Comoros,2004,H0,10248
COM,174,Comoros,2005,H0,11548
COM,174,Comoros,2006,H0,11178
MYT,175,Mayotte (Overseas France),2002,H2,25900
MYT,175,Mayotte (Overseas France),2003,H2,27884
MYT,175,Mayotte (Overseas France),2004,H2,29200
MYT,175,Mayotte (Overseas France),2005,H2,29081
MYT,175,Mayotte (Overseas France),2006,H2,29789
COK,184,Cook Isds,2002,H2,4288
COK,184,Cook Isds,2003,H2,4451
COK,184,Cook Isds,2004,H2,4275
COK,184,Cook Isds,2005,H2,9677
CRI,188,Costa Rica,2002,H1,99364
CRI,188,Costa Rica,2003,H2,104018
CRI,188,Costa Rica,2004,H2,108157
CRI,188,Costa Rica,2005,H2,109487
CRI,188,Costa Rica,2006,H2,115410
HRV,191,Croatia,2002,H2,138694
HRV,191,Croatia,2003,H2,143970
HRV,191,Croatia,2004,H2,150113
HRV,191,Croatia,2005,H2,153714
HRV,191,Croatia,2006,H2,159330
CUB,192,Cuba,2002,H1,65692
CUB,192,Cuba,2003,H2,66670
CUB,192,Cuba,2004,H2,64306
CUB,192,Cuba,2005,H2,64419
CUB,192,Cuba,2006,H2,66945
CYP,196,Cyprus,2002,H2,113258
CYP,196,Cyprus,2003,H2,113228
CYP,196,Cyprus,2004,H2,112875
CYP,196,Cyprus,2005,H2,98815
CYP,196,Cyprus,2006,H2,95869
CZE,203,Czechia,2002,H2,265467
CZE,203,Czechia,2003,H2,268235
CZE,203,Czechia,2004,H2,285459
CZE,203,Czechia,2005,H2,280000
CZE,203,Czechia,2006,H2,298631
BEN,204,Benin,2002,H1,24512
BEN,204,Benin,2003,H1,26036
BEN,204,Benin,2004,H1,24887
BEN,204,Benin,2005,H1,23227
BEN,204,Benin,2006,H2,21966
DNK,208,Denmark,2002,H2,283934
DNK,208,Denmark,2003,H2,291846
DNK,208,Denmark,2004,H2,289318
DNK,208,Denmark,2005,H2,288267
DNK,208,Denmark,2006,H2,295670
DMA,212,Dominica,2002,H1,25481
DMA,212,Dominica,2003,H1,25009
DMA,212,Dominica,2004,H1,26362
DMA,212,Dominica,2005,H1,24485
DMA,212,Dominica,2006,H2,25048
DOM,214,Dominican Rep.,2002,H1,600953
DOM,214,Dominican Rep.,2003,H1,443366
DOM,214,Dominican Rep.,2004,H1,485185
DOM,214,Dominican Rep.,2005,H1,455921
DOM,214,Dominican Rep.,2006,H2,545457
ECU,218,Ecuador,2002,H2,82100
ECU,218,Ecuador,2003,H2,87710
ECU,218,Ecuador,2004,H2,92513
ECU,218,Ecuador,2005,H2,90153
ECU,218,Ecuador,2006,H2,91551
SLV,222,El Salvador,2002,H2,69880
SLV,222,El Salvador,2003,H2,73056
SLV,222,El Salvador,2004,H2,74815
SLV,222,El Salvador,2005,H2,80853
SLV,222,El Salvador,2006,H2,83443
ETH,231,Ethiopia,2002,H1,112870
ETH,231,Ethiopia,2003,H1,127817
ETH,231,Ethiopia,2004,H2,148166
ETH,231,Ethiopia,2005,H2,216575
ETH,231,Ethiopia,2006,H2,154838
ERI,232,Eritrea,2003,H1,29830
EST,233,Estonia,2002,H2,140258
EST,233,Estonia,2003,H2,145389
EST,233,Estonia,2004,H2,3905347
EST,233,Estonia,2005,H2,3255164
EST,233,Estonia,2006,H2,3407170
FRO,234,Faroe Isds,2002,H2,45572
FRO,234,Faroe Isds,2003,H2,46157
FRO,234,Faroe Isds,2004,H2,45852
FRO,234,Faroe Isds,2005,H2,46042
FRO,234,Faroe Isds,2006,H2,48878
FJI,242,Fiji,2002,H1,56055
FJI,242,Fiji,2003,H2,51365
FJI,242,Fiji,2004,H2,51486
FJI,242,Fiji,2005,H2,62931
FJI,242,Fiji,2006,H2,63619
FIN,246,Finland,2002,H2,210170
FIN,246,Finland,2003,H2,210957
FIN,246,Finland,2004,H2,219665
FIN,246,Finland,2005,H2,227223
FIN,246,Finland,2006,H2,235013
FRA,251,France,2002,H2,537946
FRA,251,France,2003,H2,526131
FRA,251,France,2004,H2,533468
FRA,251,France,2005,H2,535853
FRA,251,France,2006,H2,542467
PYF,258,French Polynesia,2002,H1,49343
PYF,258,French Polynesia,2003,H2,51783
PYF,258,French Polynesia,2004,H2,51831
PYF,258,French Polynesia,2005,H2,52368
PYF,258,French Polynesia,2006,H2,55847
GAB,266,Gabon,2002,H1,23582
GAB,266,Gabon,2003,H1,33032
GAB,266,Gabon,2004,H2,31796
GAB,266,Gabon,2005,H2,36038
GAB,266,Gabon,2006,H2,36490
GEO,268,Georgia,2002,H1,37117
GEO,268,Georgia,2003,H1,38507
GEO,268,Georgia,2004,H1,49926
GEO,268,Georgia,2005,H2,58817
GEO,268,Georgia,2006,H2,67879
GMB,270,Gambia,2002,H1,72298
GMB,270,Gambia,2003,H1,76442
GMB,270,Gambia,2004,H1,84048
GMB,270,Gambia,2005,H1,85098
GMB,270,Gambia,2006,H1,83152
DEU,276,Germany,2002,H2,630568
DEU,276,Germany,2003,H2,627198
DEU,276,Germany,2004,H2,642656
DEU,276,Germany,2005,H2,644030
DEU,276,Germany,2006,H2,652090
GHA,288,Ghana,2002,H0,59209
GHA,288,Ghana,2003,H1,84290
GHA,288,Ghana,2004,H2,32145
GHA,288,Ghana,2005,H2,87813
GHA,288,Ghana,2006,H2,87325
KIR,296,Kiribati,2004,H1,4307
KIR,296,Kiribati,2005,H2,12897
KIR,296,Kiribati,2006,H2,11913
GRC,300,Greece,2002,H2,158751
GRC,300,Greece,2003,H2,165663
GRC,300,Greece,2004,H2,171422
GRC,300,Greece,2005,H2,174292
GRC,300,Greece,2006,H2,178608
GRL,304,Greenland,2002,H2,13763
GRL,304,Greenland,2003,H2,28338
GRL,304,Greenland,2004,H2,11699
GRL,304,Greenland,2005,H2,11064
GRL,304,Greenland,2006,H2,28158
GRD,308,Grenada,2002,H1,28414
GRD,308,Grenada,2003,H1,31581
GRD,308,Grenada,2004,H1,30833
GRD,308,Grenada,2005,H1,33636
GRD,308,Grenada,2006,H1,33042
GTM,320,Guatemala,2002,H2,96389
GTM,320,Guatemala,2003,H2,100533
GTM,320,Guatemala,2004,H2,102778
GTM,320,Guatemala,2005,H2,114471
GTM,320,Guatemala,2006,H2,104290
GIN,324,Guinea,2002,H1,20214
GIN,324,Guinea,2004,H1,20359
GIN,324,Guinea,2005,H2,22315
GIN,324,Guinea,2006,H2,22254
GUY,328,Guyana,2002,H1,36925
GUY,328,Guyana,2003,H1,37748
GUY,328,Guyana,2004,H1,32539
GUY,328,Guyana,2005,H2,38070
GUY,328,Guyana,2006,H2,41530
HND,340,Honduras,2002,H1,58092
HND,340,Honduras,2003,H2,60114
HND,340,Honduras,2004,H2,62595
HND,340,Honduras,2005,H2,64809
HND,340,Honduras,2006,H2,66582
HKG,344,"China, Hong Kong SAR",2002,H2,389320
HKG,344,"China, Hong Kong SAR",2003,H2,390665
HKG,344,"China, Hong Kong SAR",2004,H2,396814
HKG,344,"China, Hong Kong SAR",2005,H2,401209
HKG,344,"China, Hong Kong SAR",2006,H2,402062
HUN,348,Hungary,2002,H2,183334
HUN,348,Hungary,2003,H2,187594
HUN,348,Hungary,2004,H2,193373
HUN,348,Hungary,2005,H2,181270
HUN,348,Hungary,2006,H2,177039
ISL,352,Iceland,2002,H2,82069
ISL,352,Iceland,2003,H2,84153
ISL,352,Iceland,2004,H2,89116
ISL,352,Iceland,2005,H2,92997
ISL,352,Iceland,2006,H2,95515
IDN,360,Indonesia,2002,H1,210381
IDN,360,Indonesia,2003,H1,210785
IDN,360,Indonesia,2004,H1,217101
IDN,360,Indonesia,2005,H1,212944
IDN,360,Indonesia,2006,H1,216325
IRN,364,Iran,2002,H1,79959
IRN,364,Iran,2003,H2,85199
IRN,364,Iran,2004,H2,90274
IRN,364,Iran,2005,H2,92896
IRN,364,Iran,2006,H2,59246
IRL,372,Ireland,2002,H2,166745
IRL,372,Ireland,2003,H2,167994
IRL,372,Ireland,2004,H2,171536
IRL,372,Ireland,2005,H2,170288
IRL,372,Ireland,2006,H2,173611
ISR,376,Israel,2002,H2,133812
ISR,376,Israel,2003,H2,135365
ISR,376,Israel,2004,H2,137285
ISR,376,Israel,2005,H2,145188
ISR,376,Israel,2006,H2,147837
ITA,380,Italy,2002,H2,1102477
ITA,380,Italy,2003,H2,1106588
ITA,380,Italy,2004,H2,1126806
ITA,380,Italy,2005,H2,1139705
ITA,380,Italy,2006,H2,1156001
CIV,384,Côte d'Ivoire,2002,H1,65225
CIV,384,Côte d'Ivoire,2003,H2,59699
CIV,384,Côte d'Ivoire,2004,H2,67691
CIV,384,Côte d'Ivoire,2005,H2,69173
CIV,384,Côte d'Ivoire,2006,H2,68506
JAM,388,Jamaica,2002,H1,57923
JAM,388,Jamaica,2003,H1,58390
JAM,388,Jamaica,2004,H2,58986
JAM,388,Jamaica,2005,H2,62508
JAM,388,Jamaica,2006,H2,63022
JPN,392,Japan,2002,H2,296778
JPN,392,Japan,2003,H2,294426
JPN,392,Japan,2004,H2,296979
JPN,392,Japan,2005,H2,299338
JPN,392,Japan,2006,H2,302165
KAZ,398,Kazakhstan,2002,H1,80040
KAZ,398,Kazakhstan,2003,H1,82645
KAZ,398,Kazakhstan,2004,H2,97868
KAZ,398,Kazakhstan,2005,H2,102143
KAZ,398,Kazakhstan,2006,H2,109846
JOR,400,Jordan,2002,H2,71658
JOR,400,Jordan,2003,H2,76622
JOR,400,Jordan,2004,H2,86363
JOR,400,Jordan,2005,H2,90032
JOR,400,Jordan,2006,H2,92754
KEN,404,Kenya,2002,H2,83306
KEN,404,Kenya,2003,H2,92790
KEN,404,Kenya,2004,H2,45677
KEN,404,Kenya,2005,H2,101611
KEN,404,Kenya,2006,H2,99793
KOR,410,Rep. of Korea,2002,H2,264417
KOR,410,Rep. of Korea,2003,H2,271504
KOR,410,Rep. of Korea,2004,H2,279331
KOR,410,Rep. of Korea,2005,H2,282780
KOR,410,Rep. of Korea,2006,H2,288067
KWT,414,Kuwait,2002,H0,78306
KWT,414,Kuwait,2003,H0,80094
KWT,414,Kuwait,2004,H0,80439
KWT,414,Kuwait,2006,H2,169219
KGZ,417,Kyrgyzstan,2002,H1,32391
KGZ,417,Kyrgyzstan,2003,H2,32276
KGZ,417,Kyrgyzstan,2004,H2,33727
KGZ,417,Kyrgyzstan,2005,H2,38379
KGZ,417,Kyrgyzstan,2006,H2,40410
LBN,422,Lebanon,2002,H2,123424
LBN,422,Lebanon,2003,H2,127756
LBN,422,Lebanon,2004,H2,109618
LBN,422,Lebanon,2005,H2,109027
LBN,422,Lebanon,2006,H2,131237
LSO,426,Lesotho,2002,H0,142626
LSO,426,Lesotho,2003,H0,148674
LSO,426,Lesotho,2004,H0,192420
LSO,426,Lesotho,2005,H1,168400
LSO,426,Lesotho,2006,H1,174182
LVA,428,Latvia,2002,H2,793291
LVA,428,Latvia,2003,H2,857581
LVA,428,Latvia,2004,H2,1059987
LVA,428,Latvia,2005,H2,822561
LVA,428,Latvia,2006,H2,865785
LTU,440,Lithuania,2002,H2,132214
LTU,440,Lithuania,2003,H2,137480
LTU,440,Lithuania,2004,H2,139926
LTU,440,Lithuania,2005,H2,144811
LTU,440,Lithuania,2006,H2,150917
LUX,442,Luxembourg,2002,H2,96977
LUX,442,Luxembourg,2003,H2,97790
LUX,442,Luxembourg,2004,H2,99352
LUX,442,Luxembourg,2005,H2,96798
LUX,442,Luxembourg,2006,H2,99687
MAC,446,"China, Macao SAR",2002,H2,94157
MAC,446,"China, Macao SAR",2003,H2,102917
MAC,446,"China, Macao SAR",2004,H2,114364
MAC,446,"China, Macao SAR",2005,H2,114650
MAC,446,"China, Macao SAR",2006,H2,113925
MDG,450,Madagascar,2002,H1,135579
MDG,450,Madagascar,2003,H2,797102
MDG,450,Madagascar,2004,H2,1267258
MDG,450,Madagascar,2005,H2,195816
MDG,450,Madagascar,2006,H2,202109
MWI,454,Malawi,2002,H1,101003
MWI,454,Malawi,2003,H2,110715
MWI,454,Malawi,2004,H2,113222
MWI,454,Malawi,2005,H2,112556
MWI,454,Malawi,2006,H2,115086
MYS,458,Malaysia,2002,H2,197338
MYS,458,Malaysia,2003,H2,196681
MYS,458,Malaysia,2004,H2,206381
MYS,458,Malaysia,2005,H2,207954
MYS,458,Malaysia,2006,H2,213721
MDV,462,Maldives,2002,H1,34361
MDV,462,Maldives,2003,H2,34689
MDV,462,Maldives,2004,H2,42002
MDV,462,Maldives,2005,H2,46973
MDV,462,Maldives,2006,H2,40524
MLI,466,Mali,2002,H1,28510
MLI,466,Mali,2003,H1,32419
MLI,466,Mali,2004,H2,30659
MLI,466,Mali,2005,H2,27810
MLI,466,Mali,2006,H2,30629
MLT,470,Malta,2002,H2,80395
MLT,470,Malta,2003,H2,80213
MLT,470,Malta,2004,H2,70307
MLT,470,Malta,2005,H2,64963
MLT,470,Malta,2006,H2,65556
MRT,478,Mauritania,2002,H1,11274
MRT,478,Mauritania,2003,H1,11716
MRT,478,Mauritania,2004,H1,12252
MRT,478,Mauritania,2005,H1,13252
MRT,478,Mauritania,2006,H1,12831
MUS,480,Mauritius,2002,H2,77367
MUS,480,Mauritius,2003,H2,78630
MUS,480,Mauritius,2004,H2,81209
MUS,480,Mauritius,2005,H2,98817
MUS,480,Mauritius,2006,H2,83831
MEX,484,Mexico,2002,H2,180658
MEX,484,Mexico,2003,H2,180846
MEX,484,Mexico,2004,H2,183138
MEX,484,Mexico,2005,H2,243199
MEX,484,Mexico,2006,H2,247758
S19,490,"Other Asia, nes",2002,H1,282764
S19,490,"Other Asia, nes",2003,H1,340924
S19,490,"Other Asia, nes",2004,H2,298616
S19,490,"Other Asia, nes",2005,H2,294352
S19,490,"Other Asia, nes",2006,H2,305118
MNG,496,Mongolia,2002,H2,3769
MNG,496,Mongolia,2003,H2,34111
MNG,496,Mongolia,2004,H2,35643
MNG,496,Mongolia,2005,H2,36719
MNG,496,Mongolia,2006,H2,41099
MDA,498,Rep. of Moldova,2002,H1,56916
MDA,498,Rep. of Moldova,2003,H1,62369
MDA,498,Rep. of Moldova,2004,H2,66155
MDA,498,Rep. of Moldova,2005,H2,73870
MDA,498,Rep. of Moldova,2006,H2,79311
MNE,499,Montenegro,2006,H2,57161
MSR,500,Montserrat,2002,H0,8259
MSR,500,Montserrat,2003,H0,9073
MSR,500,Montserrat,2004,H2,11383
MSR,500,Montserrat,2005,H2,10758
MSR,500,Montserrat,2006,H2,10651
MAR,504,Morocco,2002,H2,98451
MAR,504,Morocco,2003,H2,102990
MAR,504,Morocco,2004,H2,105552
MAR,504,Morocco,2005,H2,110562
MAR,504,Morocco,2006,H2,112757
MOZ,508,Mozambique,2002,H2,39584
MOZ,508,Mozambique,2003,H2,44679
MOZ,508,Mozambique,2004,H2,46154
MOZ,508,Mozambique,2005,H2,46718
MOZ,508,Mozambique,2006,H2,48242
OMN,512,Oman,2002,H2,59158
OMN,512,Oman,2003,H2,12788
OMN,512,Oman,2004,H2,62022
OMN,512,Oman,2005,H2,66690
OMN,512,Oman,2006,H2,68480
NAM,516,Namibia,2002,H1,44908
NAM,516,Namibia,2003,H1,46354
NAM,516,Namibia,2004,H2,54221
NAM,516,Namibia,2005,H2,55715
NAM,516,Namibia,2006,H2,55663
NPL,524,Nepal,2003,H2,34998
NLD,528,Netherlands,2002,H2,393709
NLD,528,Netherlands,2003,H2,403964
NLD,528,Netherlands,2004,H2,412544
NLD,528,Netherlands,2005,H2,415033
NLD,528,Netherlands,2006,H2,423313
ANT,530,Netherlands Antilles (...2010),2005,H2,44825
ANT,530,Netherlands Antilles (...2010),2006,H2,47077
ABW,533,Aruba,2002,H2,8934
ABW,533,Aruba,2003,H2,8703
ABW,533,Aruba,2004,H2,8675
ABW,533,Aruba,2005,H2,11941
ABW,533,Aruba,2006,H2,8646
NCL,540,New Caledonia,2002,H1,55179
NCL,540,New Caledonia,2003,H2,56385
NCL,540,New Caledonia,2004,H2,59355
NCL,540,New Caledonia,2005,H2,62117
NCL,540,New Caledonia,2006,H2,63575
VUT,548,Vanuatu,2006,H1,26699
NZL,554,New Zealand,2002,H2,203621
NZL,554,New Zealand,2003,H2,208641
NZL,554,New Zealand,2004,H2,223519
NZL,554,New Zealand,2005,H2,230819
NZL,554,New Zealand,2006,H2,234052
NIC,558,Nicaragua,2002,H2,54724
NIC,558,Nicaragua,2003,H2,60106
NIC,558,Nicaragua,2004,H2,60802
NIC,558,Nicaragua,2005,H2,62810
NIC,558,Nicaragua,2006,H2,62103
NER,562,Niger,2002,H2,27307
NER,562,Niger,2003,H2,27962
NER,562,Niger,2004,H2,30039
NER,562,Niger,2005,H2,31007
NER,562,Niger,2006,H2,32921
NGA,566,Nigeria,2002,H1,55542
NGA,566,Nigeria,2003,H1,59124
NGA,566,Nigeria,2006,H2,49927
NOR,579,Norway,2002,H2,714012
NOR,579,Norway,2003,H2,724875
NOR,579,Norway,2004,H2,747623
NOR,579,Norway,2005,H2,777505
NOR,579,Norway,2006,H2,799484
FSM,583,FS Micronesia,2002,H2,274
FSM,583,FS Micronesia,2003,H2,24031
FSM,583,FS Micronesia,2004,H2,25045
FSM,583,FS Micronesia,2005,H2,22267
FSM,583,FS Micronesia,2006,H2,21925
PAK,586,Pakistan,2003,H2,101412
PAK,586,Pakistan,2004,H2,107307
PAK,586,Pakistan,2005,H2,134288
PAK,586,Pakistan,2006,H2,134055
PAN,591,Panama,2002,H1,51566
PAN,591,Panama,2003,H2,50973
PAN,591,Panama,2004,H2,51097
PAN,591,Panama,2005,H2,51334
PAN,591,Panama,2006,H2,167428
PNG,598,Papua New Guinea,2002,H2,42217
PNG,598,Papua New Guinea,2003,H2,35720
PNG,598,Papua New Guinea,2004,H2,43683
PRY,600,Paraguay,2002,H1,111637
PRY,600,Paraguay,2003,H2,106525
PRY,600,Paraguay,2004,H2,115314
PRY,600,Paraguay,2005,H2,117665
PRY,600,Paraguay,2006,H2,125082
PER,604,Peru,2002,H2,109958
PER,604,Peru,2003,H2,112872
PER,604,Peru,2004,H2,116941
PER,604,Peru,2005,H2,123181
PER,604,Peru,2006,H2,126113
PHL,608,Philippines,2002,H1,127729
PHL,608,Philippines,2003,H1,127274
PHL,608,Philippines,2004,H1,127225
PHL,608,Philippines,2005,H1,127096
PHL,608,Philippines,2006,H1,130286
POL,616,Poland,2002,H2,100631
POL,616,Poland,2003,H2,108995
POL,616,Poland,2004,H2,322868
POL,616,Poland,2005,H2,312405
POL,616,Poland,2006,H2,325536
PRT,620,Portugal,2002,H2,193594
PRT,620,Portugal,2003,H2,194875
PRT,620,Portugal,2004,H2,198449
PRT,620,Portugal,2005,H2,203098
PRT,620,Portugal,2006,H2,208589
GNB,624,Guinea-Bissau,2003,H1,4857
GNB,624,Guinea-Bissau,2004,H1,5404
GNB,624,Guinea-Bissau,2005,H1,6548
TLS,626,Timor-Leste,2004,H2,28505
TLS,626,Timor-Leste,2005,H2,29777
QAT,634,Qatar,2002,H1,63823
QAT,634,Qatar,2003,H0,55271
QAT,634,Qatar,2004,H1,63837
QAT,634,Qatar,2005,H2,106279
QAT,634,Qatar,2006,H2,111791
ROU,642,Romania,2002,H2,350444
ROU,642,Romania,2003,H2,364456
ROU,642,Romania,2004,H2,390572
ROU,642,Romania,2005,H2,412710
ROU,642,Romania,2006,H2,431370
RUS,643,Russian Federation,2002,H2,237233
RUS,643,Russian Federation,2003,H2,241953
RUS,643,Russian Federation,2004,H2,245548
RUS,643,Russian Federation,2005,H2,242026
RUS,643,Russian Federation,2006,H2,250612
RWA,646,Rwanda,2002,H1,24628
RWA,646,Rwanda,2003,H1,24466
RWA,646,Rwanda,2004,H1,26207
RWA,646,Rwanda,2005,H2,29034
RWA,646,Rwanda,2006,H2,32535
KNA,659,Saint Kitts and Nevis,2002,H1,25084
KNA,659,Saint Kitts and Nevis,2003,H1,24436
KNA,659,Saint Kitts and Nevis,2004,H1,23657
KNA,659,Saint Kitts and Nevis,2005,H1,23576
KNA,659,Saint Kitts and Nevis,2006,H1,25430
AIA,660,Anguilla,2002,H0,10829
AIA,660,Anguilla,2003,H0,10838
AIA,660,Anguilla,2004,H0,11793
AIA,660,Anguilla,2006,H0,11359
LCA,662,Saint Lucia,2002,H1,37337
LCA,662,Saint Lucia,2003,H1,39704
LCA,662,Saint Lucia,2004,H1,39055
LCA,662,Saint Lucia,2005,H1,38854
LCA,662,Saint Lucia,2006,H1,45006
VCT,670,Saint Vincent and the Grenadines,2002,H1,29854
VCT,670,Saint Vincent and the Grenadines,2003,H1,30968
VCT,670,Saint Vincent and the Grenadines,2004,H1,31900
VCT,670,Saint Vincent and the Grenadines,2005,H1,33813
VCT,670,Saint Vincent and the Grenadines,2006,H1,32588
STP,678,Sao Tome and Principe,2002,H1,6311
STP,678,Sao Tome and Principe,2003,H1,8666
STP,678,Sao Tome and Principe,2004,H1,5845
STP,678,Sao Tome and Principe,2005,H1,6280
STP,678,Sao Tome and Principe,2006,H1,10595
SAU,682,Saudi Arabia,2002,H2,70626
SAU,682,Saudi Arabia,2003,H2,78556
SAU,682,Saudi Arabia,2004,H2,86632
SAU,682,Saudi Arabia,2005,H2,91909
SAU,682,Saudi Arabia,2006,H2,92906
SEN,686,Senegal,2002,H1,48969
SEN,686,Senegal,2003,H2,52845
SEN,686,Senegal,2004,H2,58809
SEN,686,Senegal,2005,H2,59770
SEN,686,Senegal,2006,H2,67286
SRB,688,Serbia,2006,H2,157413
SYC,690,Seychelles,2002,H2,42427
SYC,690,Seychelles,2003,H0,94900
SYC,690,Seychelles,2004,H0,110935
SYC,690,Seychelles,2005,H0,123110
SYC,690,Seychelles,2006,H0,116125
SLE,694,Sierra Leone,2002,H0,15785
IND,699,India,2002,H1,293169
IND,699,India,2003,H2,325559
IND,699,India,2004,H2,342260
IND,699,India,2005,H2,363478
IND,699,India,2006,H2,379833
SGP,702,Singapore,2002,H2,271755
SGP,702,Singapore,2003,H2,277127
SGP,702,Singapore,2004,H2,281093
SGP,702,Singapore,2005,H2,265407
SGP,702,Singapore,2006,H2,271534
SVK,703,Slovakia,2002,H2,177571
SVK,703,Slovakia,2003,H2,182236
SVK,703,Slovakia,2004,H2,183913
SVK,703,Slovakia,2005,H2,171920
SVK,703,Slovakia,2006,H2,180426
VNM,704,Viet Nam,2002,H1,109083
VNM,704,Viet Nam,2003,H1,121477
VNM,704,Viet Nam,2004,H2,133329
VNM,704,Viet Nam,2005,H2,136502
VNM,704,Viet Nam,2006,H2,147659
SVN,705,Slovenia,2002,H2,177837
SVN,705,Slovenia,2003,H2,182736
SVN,705,Slovenia,2004,H2,210873
SVN,705,Slovenia,2005,H2,197380
SVN,705,Slovenia,2006,H2,207858
ZAF,710,South Africa,2002,H2,286188
ZAF,710,South Africa,2003,H2,300435
ZAF,710,South Africa,2004,H2,304101
ZAF,710,South Africa,2005,H2,313951
ZAF,710,South Africa,2006,H2,327997
ZWE,716,Zimbabwe,2002,H1,236773
ZWE,716,Zimbabwe,2003,H2,193786
ZWE,716,Zimbabwe,2004,H2,203889
ZWE,716,Zimbabwe,2005,H2,170370
ZWE,716,Zimbabwe,2006,H2,181854
ESP,724,Spain,2002,H2,13086022
ESP,724,Spain,2003,H2,13436094
ESP,724,Spain,2004,H2,13969202
ESP,724,Spain,2005,H2,13969848
ESP,724,Spain,2006,H2,14495335
SDN,736,Sudan (...2011),2002,H1,89748
SDN,736,Sudan (...2011),2003,H1,83992
SDN,736,Sudan (...2011),2004,H1,93101
SDN,736,Sudan (...2011),2005,H1,97882
SDN,736,Sudan (...2011),2006,H2,132779
SUR,740,Suriname,2002,H0,22280
SUR,740,Suriname,2003,H0,24141
SUR,740,Suriname,2004,H0,25963
SUR,740,Suriname,2005,H0,27271
SUR,740,Suriname,2006,H0,26226
SWZ,748,Eswatini,2002,H1,23845
SWZ,748,Eswatini,2003,H1,24917
SWZ,748,Eswatini,2004,H1,25321
SWZ,748,Eswatini,2005,H1,28394
SWZ,748,Eswatini,2006,H1,28940
SWE,752,Sweden,2002,H2,301878
SWE,752,Sweden,2003,H2,303873
SWE,752,Sweden,2004,H2,308542
SWE,752,Sweden,2005,H2,305411
SWE,752,Sweden,2006,H2,310035
CHE,757,Switzerland,2002,H2,3427865
CHE,757,Switzerland,2003,H2,3387770
CHE,757,Switzerland,2004,H2,3449077
CHE,757,Switzerland,2005,H2,3448980
CHE,757,Switzerland,2006,H2,3525783
SYR,760,Syria,2002,H1,13033
SYR,760,Syria,2003,H1,69430
SYR,760,Syria,2004,H1,18763
SYR,760,Syria,2005,H2,33554
SYR,760,Syria,2006,H2,78095
THA,764,Thailand,2002,H2,273301
THA,764,Thailand,2003,H2,282624
THA,764,Thailand,2004,H2,291909
THA,764,Thailand,2005,H2,302908
THA,764,Thailand,2006,H2,308729
TGO,768,Togo,2002,H1,19799
TGO,768,Togo,2003,H1,23468
TGO,768,Togo,2004,H2,20850
TGO,768,Togo,2005,H2,20354
TON,776,Tonga,2002,H0,6587
TON,776,Tonga,2003,H0,6448
TON,776,Tonga,2004,H0,6715
TON,776,Tonga,2005,H0,6956
TON,776,Tonga,2006,H0,7200
TTO,780,Trinidad and Tobago,2002,H1,75649
TTO,780,Trinidad and Tobago,2003,H1,96125
TTO,780,Trinidad and Tobago,2004,H2,77493
TTO,780,Trinidad and Tobago,2005,H2,79265
TTO,780,Trinidad and Tobago,2006,H2,78697
ARE,784,United Arab Emirates,2002,H1,119197
ARE,784,United Arab Emirates,2003,H2,124060
ARE,784,United Arab Emirates,2004,H2,132075
ARE,784,United Arab Emirates,2005,H2,369689
ARE,784,United Arab Emirates,2006,H2,139952
TUN,788,Tunisia,2002,H2,88045
TUN,788,Tunisia,2003,H2,87976
TUN,788,Tunisia,2004,H2,90502
TUN,788,Tunisia,2005,H2,93131
TUN,788,Tunisia,2006,H2,96072
TUR,792,Türkiye,2002,H2,4707955
TUR,792,Türkiye,2003,H2,5078441
TUR,792,Türkiye,2004,H2,5582862
TUR,792,Türkiye,2005,H2,5963991
TUR,792,Türkiye,2006,H2,6318358
TCA,796,Turks and Caicos Isds,2002,H0,2338
TCA,796,Turks and Caicos Isds,2003,H0,2301
TCA,796,Turks and Caicos Isds,2004,H0,2318
TCA,796,Turks and Caicos Isds,2005,H2,2730
TCA,796,Turks and Caicos Isds,2006,H2,2580
TUV,798,Tuvalu,2002,H0,3746
TUV,798,Tuvalu,2003,H0,116
TUV,798,Tuvalu,2004,H0,3832
TUV,798,Tuvalu,2005,H0,3564
TUV,798,Tuvalu,2006,H0,3143
UGA,800,Uganda,2002,H2,53249
UGA,800,Uganda,2003,H2,55472
UGA,800,Uganda,2004,H2,61917
UGA,800,Uganda,2005,H2,68434
UGA,800,Uganda,2006,H2,57350
UKR,804,Ukraine,2002,H1,142872
UKR,804,Ukraine,2003,H1,149246
UKR,804,Ukraine,2004,H1,157760
UKR,804,Ukraine,2005,H1,167761
UKR,804,Ukraine,2006,H1,171779
MKD,807,North Macedonia,2002,H2,163538
MKD,807,North Macedonia,2003,H2,176824
MKD,807,North Macedonia,2004,H2,190818
MKD,807,North Macedonia,2005,H2,87961
MKD,807,North Macedonia,2006,H2,91477
EGY,818,Egypt,2002,H0,85246
EGY,818,Egypt,2003,H0,85369
EGY,818,Egypt,2004,H0,89435
EGY,818,Egypt,2005,H0,95463
EGY,818,Egypt,2006,H0,91188
GBR,826,United Kingdom,2002,H2,514011
GBR,826,United Kingdom,2003,H2,517923
GBR,826,United Kingdom,2004,H2,523675
GBR,826,United Kingdom,2005,H2,525309
GBR,826,United Kingdom,2006,H2,533030
TZA,834,United Rep. of Tanzania,2002,H1,70603
TZA,834,United Rep. of Tanzania,2003,H1,72619
TZA,834,United Rep. of Tanzania,2004,H1,84097
TZA,834,United Rep. of Tanzania,2005,H2,84916
TZA,834,United Rep. of Tanzania,2006,H2,85390
USA,842,USA,2002,H2,643712
USA,842,USA,2003,H2,658933
USA,842,USA,2004,H2,671287
USA,842,USA,2005,H2,686697
USA,842,USA,2006,H2,699090
BFA,854,Burkina Faso,2002,H1,29127
BFA,854,Burkina Faso,2003,H1,27043
BFA,854,Burkina Faso,2004,H2,28691
BFA,854,Burkina Faso,2005,H2,30986
BFA,854,Burkina Faso,2006,H2,31038
URY,858,Uruguay,2002,H2,61733
URY,858,Uruguay,2003,H2,62475
URY,858,Uruguay,2004,H2,66841
URY,858,Uruguay,2005,H2,70477
URY,858,Uruguay,2006,H2,72406
VEN,862,Venezuela,2002,H1,111800
VEN,862,Venezuela,2003,H1,98916
VEN,862,Venezuela,2004,H1,106845
VEN,862,Venezuela,2005,H1,112709
VEN,862,Venezuela,2006,H2,97668
WLF,876,Wallis and Futuna Isds,2002,H0,11520
WLF,876,Wallis and Futuna Isds,2003,H0,10459
WLF,876,Wallis and Futuna Isds,2004,H0,11246
WLF,876,Wallis and Futuna Isds,2005,H0,11272
WLF,876,Wallis and Futuna Isds,2006,H0,11215
WSM,882,Samoa,2002,H1,15984
WSM,882,Samoa,2003,H1,15234
WSM,882,Samoa,2004,H1,15530
WSM,882,Samoa,2005,H1,14903
WSM,882,Samoa,2006,H1,14585
YEM,887,Yemen,2004,H1,50020
YEM,887,Yemen,2005,H1,53799
YEM,887,Yemen,2006,H2,54608
SCG,891,Serbia and Montenegro (...2005),2002,H1,122698
SCG,891,Serbia and Montenegro (...2005),2004,H1,147926
ZMB,894,Zambia,2002,H2,289412
ZMB,894,Zambia,2003,H2,277269
ZMB,894,Zambia,2004,H2,287953
ZMB,894,Zambia,2005,H2,305309
ZMB,894,Zambia,2006,H2,321240
AFG,4,Afghanistan,2008,H2,3886
AFG,4,Afghanistan,2009,H2,2967
AFG,4,Afghanistan,2010,H2,3743
AFG,4,Afghanistan,2011,H2,3804
ALB,8,Albania,2007,H2,54475
ALB,8,Albania,2008,H2,61032
ALB,8,Albania,2009,H3,61422
ALB,8,Albania,2010,H3,62160
ALB,8,Albania,2011,H3,63417
DZA,12,Algeria,2007,H3,84997
DZA,12,Algeria,2008,H3,86839
DZA,12,Algeria,2009,H3,84900
DZA,12,Algeria,2010,H3,81459
DZA,12,Algeria,2011,H3,82910
AND,20,Andorra,2007,H3,31646
AND,20,Andorra,2008,H3,31921
AND,20,Andorra,2009,H3,32072
AND,20,Andorra,2010,H3,32445
AND,20,Andorra,2011,H3,33820
AGO,24,Angola,2007,H2,452812
AGO,24,Angola,2008,H2,528815
AGO,24,Angola,2009,H3,552170
AGO,24,Angola,2010,H3,553014
AGO,24,Angola,2011,H3,91411
ATG,28,Antigua and Barbuda,2007,H1,44580
ATG,28,Antigua and Barbuda,2009,H1,45208
ATG,28,Antigua and Barbuda,2010,H1,43107
ATG,28,Antigua and Barbuda,2011,H1,44712
AZE,31,Azerbaijan,2007,H3,52581
AZE,31,Azerbaijan,2008,H3,51566
AZE,31,Azerbaijan,2009,H3,49795
AZE,31,Azerbaijan,2010,H3,51288
AZE,31,Azerbaijan,2011,H3,54975
ARG,32,Argentina,2007,H3,172977
ARG,32,Argentina,2008,H3,175492
ARG,32,Argentina,2009,H3,170006
ARG,32,Argentina,2010,H3,164579
ARG,32,Argentina,2011,H3,164322
AUS,36,Australia,2007,H3,266886
AUS,36,Australia,2008,H3,269174
AUS,36,Australia,2009,H3,263214
AUS,36,Australia,2010,H3,264090
AUS,36,Australia,2011,H3,264222
AUT,40,Austria,2007,H3,379492
AUT,40,Austria,2008,H3,386244
AUT,40,Austria,2009,H3,390654
AUT,40,Austria,2010,H3,402782
AUT,40,Austria,2011,H3,402674
BHS,44,Bahamas,2007,H2,31163
BHS,44,Bahamas,2008,H2,32646
BHS,44,Bahamas,2009,H3,31234
BHS,44,Bahamas,2010,H3,32869
BHS,44,Bahamas,2011,H3,34794
BHR,48,Bahrain,2007,H2,76849
BHR,48,Bahrain,2008,H2,96375
BHR,48,Bahrain,2009,H3,82151
BHR,48,Bahrain,2010,H3,88353
BHR,48,Bahrain,2011,H3,101922
BGD,50,Bangladesh,2007,H2,82919
BGD,50,Bangladesh,2008,H3,86344
BGD,50,Bangladesh,2009,H3,85691
BGD,50,Bangladesh,2010,H3,88660
BGD,50,Bangladesh,2011,H3,90602
ARM,51,Armenia,2007,H3,60049
ARM,51,Armenia,2008,H3,65775
ARM,51,Armenia,2009,H3,64469
ARM,51,Armenia,2010,H3,69307
ARM,51,Armenia,2011,H3,71545
BRB,52,Barbados,2007,H2,67033
BRB,52,Barbados,2008,H2,71894
BRB,52,Barbados,2009,H2,71192
BRB,52,Barbados,2010,H2,68877
BRB,52,Barbados,2011,H2,68278
BEL,56,Belgium,2007,H3,430294
BEL,56,Belgium,2008,H3,466473
BEL,56,Belgium,2009,H3,473092
BEL,56,Belgium,2010,H3,453789
BEL,56,Belgium,2011,H3,465081
BMU,60,Bermuda,2007,H2,11321
BMU,60,Bermuda,2008,H2,11955
BMU,60,Bermuda,2009,H2,10816
BMU,60,Bermuda,2010,H3,24630
BMU,60,Bermuda,2011,H3,24726
BTN,64,Bhutan,2007,H3,15973
BTN,64,Bhutan,2008,H3,16477
BTN,64,Bhutan,2009,H3,16102
BTN,64,Bhutan,2010,H3,17496
BTN,64,Bhutan,2011,H3,17210
BOL,68,Bolivia (Plurinational State of),2007,H3,195512
BOL,68,Bolivia (Plurinational State of),2008,H3,197810
BOL,68,Bolivia (Plurinational State of),2009,H3,194453
BOL,68,Bolivia (Plurinational State of),2010,H3,230578
BOL,68,Bolivia (Plurinational State of),2011,H3,237100
BIH,70,Bosnia Herzegovina,2007,H2,117862
BIH,70,Bosnia Herzegovina,2008,H3,121461
BIH,70,Bosnia Herzegovina,2009,H3,119262
BIH,70,Bosnia Herzegovina,2010,H3,119466
BIH,70,Bosnia Herzegovina,2011,H3,119814
BWA,72,Botswana,2007,H1,44885
BWA,72,Botswana,2008,H1,47563
BWA,72,Botswana,2009,H2,48082
BWA,72,Botswana,2010,H1,152729
BWA,72,Botswana,2011,H2,164284
BRA,76,Brazil,2007,H3,670510
BRA,76,Brazil,2008,H3,680899
BRA,76,Brazil,2009,H3,663100
BRA,76,Brazil,2010,H3,680286
BRA,76,Brazil,2011,H3,690297
BLZ,84,Belize,2007,H2,27817
BLZ,84,Belize,2008,H2,24802
BLZ,84,Belize,2009,H2,58487
BLZ,84,Belize,2010,H3,60832
BLZ,84,Belize,2011,H3,64112
SLB,90,Solomon Isds,2007,H2,8721
SLB,90,Solomon Isds,2008,H2,8286
SLB,90,Solomon Isds,2009,H2,29938
SLB,90,Solomon Isds,2010,H2,9126
SLB,90,Solomon Isds,2011,H2,39284
BRN,96,Brunei Darussalam,2007,H2,61056
BRN,96,Brunei Darussalam,2008,H2,60894
BRN,96,Brunei Darussalam,2009,H3,63222
BRN,96,Brunei Darussalam,2010,H3,161270
BRN,96,Brunei Darussalam,2011,H3,161480
EUR,97,European Union,2007,H3,845998
EUR,97,European Union,2008,H3,847712
EUR,97,European Union,2009,H3,863386
EUR,97,European Union,2010,H3,2326461
EUR,97,European Union,2011,H3,2341380
BGR,100,Bulgaria,2007,H3,197108
BGR,100,Bulgaria,2008,H3,186812
BGR,100,Bulgaria,2009,H3,173327
BGR,100,Bulgaria,2010,H3,165427
BGR,100,Bulgaria,2011,H3,172641
MMR,104,Myanmar,2010,H3,68794
MMR,104,Myanmar,2011,H3,31460
BDI,108,Burundi,2007,H2,17947
BDI,108,Burundi,2008,H2,17282
BDI,108,Burundi,2009,H2,20104
BDI,108,Burundi,2010,H2,41216
BDI,108,Burundi,2011,H2,24993
BLR,112,Belarus,2007,H2,111564
BLR,112,Belarus,2008,H3,115598
BLR,112,Belarus,2009,H3,113449
BLR,112,Belarus,2010,H3,121099
BLR,112,Belarus,2011,H3,125865
KHM,116,Cambodia,2007,H3,38737
KHM,116,Cambodia,2008,H3,36094
KHM,116,Cambodia,2009,H3,35211
KHM,116,Cambodia,2010,H3,35849
KHM,116,Cambodia,2011,H3,37883
CMR,120,Cameroon,2007,H2,58548
CMR,120,Cameroon,2008,H2,63081
CMR,120,Cameroon,2009,H2,62609
CMR,120,Cameroon,2010,H2,63741
CMR,120,Cameroon,2011,H2,64841
CAN,124,Canada,2007,H3,503183
CAN,124,Canada,2008,H3,511379
CAN,124,Canada,2009,H3,495341
CAN,124,Canada,2010,H3,507225
CAN,124,Canada,2011,H3,523720
CPV,132,Cabo Verde,2007,H2,37829
CPV,132,Cabo Verde,2008,H3,28598
CPV,132,Cabo Verde,2009,H3,39991
CPV,132,Cabo Verde,2010,H3,41043
CPV,132,Cabo Verde,2011,H3,43677
CAF,140,Central African Rep.,2007,H2,7687
CAF,140,Central African Rep.,2008,H2,8213
CAF,140,Central African Rep.,2009,H2,7413
CAF,140,Central African Rep.,2010,H3,8168
CAF,140,Central African Rep.,2011,H3,10914
LKA,144,Sri Lanka,2007,H2,114136
LKA,144,Sri Lanka,2008,H3,111936
LKA,144,Sri Lanka,2009,H3,105406
LKA,144,Sri Lanka,2010,H3,110401
LKA,144,Sri Lanka,2011,H3,121345
CHL,152,Chile,2007,H3,165133
CHL,152,Chile,2008,H3,170744
CHL,152,Chile,2009,H3,166953
CHL,152,Chile,2010,H3,171384
CHL,152,Chile,2011,H3,176323
CHN,156,China,2007,H3,622614
CHN,156,China,2008,H3,639266
CHN,156,China,2009,H3,646294
CHN,156,China,2010,H3,672701
CHN,156,China,2011,H3,684859
COL,170,Colombia,2007,H3,145127
COL,170,Colombia,2008,H3,144778
COL,170,Colombia,2009,H3,147595
COL,170,Colombia,2010,H3,149434
COL,170,Colombia,2011,H3,155867
COM,174,Comoros,2007,H0,10223
COM,174,Comoros,2008,H2,13040
COM,174,Comoros,2009,H2,33236
COM,174,Comoros,2010,H2,28751
COM,174,Comoros,2011,H2,30492
MYT,175,Mayotte (Overseas France),2007,H3,32156
MYT,175,Mayotte (Overseas France),2008,H3,32744
MYT,175,Mayotte (Overseas France),2009,H3,31755
COG,178,Congo,2007,H2,32149
COG,178,Congo,2008,H2,31251
COG,178,Congo,2009,H2,32935
COG,178,Congo,2010,H2,33049
COG,178,Congo,2011,H2,39403
COK,184,Cook Isds,2007,H0,4809
COK,184,Cook Isds,2008,H3,167
COK,184,Cook Isds,2009,H0,4441
COK,184,Cook Isds,2010,H0,4457
COK,184,Cook Isds,2011,H0,4490
CRI,188,Costa Rica,2007,H3,116307
CRI,188,Costa Rica,2008,H3,117139
CRI,188,Costa Rica,2009,H3,114305
CRI,188,Costa Rica,2010,H3,125824
CRI,188,Costa Rica,2011,H3,130454
HRV,191,Croatia,2007,H3,165634
HRV,191,Croatia,2008,H3,168117
HRV,191,Croatia,2009,H3,163049
HRV,191,Croatia,2010,H3,165565
HRV,191,Croatia,2011,H3,167835
CYP,196,Cyprus,2007,H3,96036
CYP,196,Cyprus,2008,H3,94211
CYP,196,Cyprus,2009,H3,91662
CYP,196,Cyprus,2010,H3,91047
CYP,196,Cyprus,2011,H3,91783
CZE,203,Czechia,2007,H3,304065
CZE,203,Czechia,2008,H3,310605
CZE,203,Czechia,2009,H3,312931
CZE,203,Czechia,2010,H3,319651
CZE,203,Czechia,2011,H3,330258
BEN,204,Benin,2007,H2,24619
BEN,204,Benin,2008,H2,26945
BEN,204,Benin,2009,H2,25932
BEN,204,Benin,2010,H2,28234
BEN,204,Benin,2011,H2,27239
DNK,208,Denmark,2007,H3,298774
DNK,208,Denmark,2008,H3,299693
DNK,208,Denmark,2009,H3,329272
DNK,208,Denmark,2010,H3,336799
DNK,208,Denmark,2011,H3,340993
DMA,212,Dominica,2007,H2,25906
DMA,212,Dominica,2008,H2,24758
DMA,212,Dominica,2009,H3,23924
DMA,212,Dominica,2010,H3,26102
DOM,214,Dominican Rep.,2007,H3,585385
DOM,214,Dominican Rep.,2008,H3,637399
DOM,214,Dominican Rep.,2009,H3,635029
DOM,214,Dominican Rep.,2010,H3,95137
DOM,214,Dominican Rep.,2011,H3,98768
ECU,218,Ecuador,2007,H2,93470
ECU,218,Ecuador,2008,H3,93710
ECU,218,Ecuador,2009,H3,90751
ECU,218,Ecuador,2010,H3,93152
ECU,218,Ecuador,2011,H3,99807
SLV,222,El Salvador,2007,H3,86959
SLV,222,El Salvador,2008,H3,86457
SLV,222,El Salvador,2009,H3,85729
SLV,222,El Salvador,2010,H3,87306
SLV,222,El Salvador,2011,H3,88930
ETH,231,Ethiopia,2007,H2,174085
ETH,231,Ethiopia,2008,H3,177814
ETH,231,Ethiopia,2009,H3,174385
ETH,231,Ethiopia,2010,H3,188433
ETH,231,Ethiopia,2011,H3,199148
EST,233,Estonia,2007,H3,3467086
EST,233,Estonia,2008,H3,3476114
EST,233,Estonia,2009,H3,3262149
EST,233,Estonia,2010,H3,141593
EST,233,Estonia,2011,H3,154175
FRO,234,Faroe Isds,2007,H3,48375
FRO,234,Faroe Isds,2008,H3,47133
FRO,234,Faroe Isds,2009,H3,46000
FJI,242,Fiji,2007,H2,60696
FJI,242,Fiji,2008,H3,60261
FJI,242,Fiji,2009,H3,58077
FJI,242,Fiji,2010,H3,62610
FJI,242,Fiji,2011,H3,68494
FIN,246,Finland,2007,H3,237178
FIN,246,Finland,2008,H3,238614
FIN,246,Finland,2009,H3,234716
FIN,246,Finland,2010,H3,241126
FIN,246,Finland,2011,H3,222966
FRA,251,France,2007,H3,547861
FRA,251,France,2008,H3,545791
FRA,251,France,2009,H3,531353
FRA,251,France,2010,H3,564214
FRA,251,France,2011,H3,637414
PYF,258,French Polynesia,2007,H2,55986
PYF,258,French Polynesia,2008,H2,56204
PYF,258,French Polynesia,2009,H3,55388
PYF,258,French Polynesia,2010,H3,55200
PYF,258,French Polynesia,2011,H3,55641
DJI,262,Djibouti,2009,H3,14209
GAB,266,Gabon,2007,H2,36980
GAB,266,Gabon,2008,H2,40106
GAB,266,Gabon,2009,H2,40006
GAB,266,Gabon,2010,H3,45284
GAB,266,Gabon,2011,H3,50833
GEO,268,Georgia,2007,H2,73872
GEO,268,Georgia,2008,H2,77707
GEO,268,Georgia,2009,H3,84385
GEO,268,Georgia,2010,H3,87945
GEO,268,Georgia,2011,H3,88733
GMB,270,Gambia,2007,H1,89130
GMB,270,Gambia,2008,H1,100374
GMB,270,Gambia,2009,H1,100658
GMB,270,Gambia,2010,H1,200480
GMB,270,Gambia,2011,H3,125319
PSE,275,State of Palestine,2007,H3,30935
PSE,275,State of Palestine,2008,H3,27066
PSE,275,State of Palestine,2009,H3,29322
PSE,275,State of Palestine,2010,H3,30559
PSE,275,State of Palestine,2011,H3,36032
DEU,276,Germany,2007,H3,645963
DEU,276,Germany,2008,H3,12561089
DEU,276,Germany,2009,H3,14768617
DEU,276,Germany,2010,H3,13733632
DEU,276,Germany,2011,H3,12945906
GHA,288,Ghana,2007,H2,94970
GHA,288,Ghana,2008,H2,93920
GHA,288,Ghana,2009,H2,101387
GHA,288,Ghana,2010,H3,92480
GHA,288,Ghana,2011,H3,108784
KIR,296,Kiribati,2007,H2,11616
KIR,296,Kiribati,2008,H2,11443
KIR,296,Kiribati,2009,H2,11901
KIR,296,Kiribati,2010,H2,11884
KIR,296,Kiribati,2011,H2,13241
GRC,300,Greece,2007,H3,188025
GRC,300,Greece,2008,H3,191397
GRC,300,Greece,2009,H3,186201
GRC,300,Greece,2010,H3,185266
GRC,300,Greece,2011,H3,183773
GRL,304,Greenland,2007,H3,16421
GRL,304,Greenland,2008,H3,25150
GRL,304,Greenland,2009,H3,25204
GRL,304,Greenland,2010,H3,25913
GRL,304,Greenland,2011,H3,26095
GRD,308,Grenada,2007,H1,29122
GRD,308,Grenada,2008,H1,30246
GRD,308,Grenada,2009,H1,26343
GRD,308,Grenada,2010,H3,220268
GRD,308,Grenada,2011,H3,205846
GTM,320,Guatemala,2007,H3,108819
GTM,320,Guatemala,2008,H3,109565
GTM,320,Guatemala,2009,H3,115893
GTM,320,Guatemala,2010,H3,108390
GTM,320,Guatemala,2011,H3,110256
GIN,324,Guinea,2007,H2,25605
GIN,324,Guinea,2008,H2,26516
GUY,328,Guyana,2007,H3,48183
GUY,328,Guyana,2008,H3,44637
GUY,328,Guyana,2009,H3,45976
GUY,328,Guyana,2010,H3,46551
GUY,328,Guyana,2011,H3,47120
HND,340,Honduras,2007,H3,69883
HND,340,Honduras,2009,H3,73129
HND,340,Honduras,2010,H3,75797
HND,340,Honduras,2011,H3,78393
HKG,344,"China, Hong Kong SAR",2007,H3,400313
HKG,344,"China, Hong Kong SAR",2008,H3,404115
HKG,344,"China, Hong Kong SAR",2009,H3,394955
HKG,344,"China, Hong Kong SAR",2010,H3,375790
HKG,344,"China, Hong Kong SAR",2011,H3,378475
HUN,348,Hungary,2007,H3,181411
HUN,348,Hungary,2008,H3,184121
HUN,348,Hungary,2009,H3,180982
HUN,348,Hungary,2010,H3,190949
HUN,348,Hungary,2011,H3,195583
ISL,352,Iceland,2007,H3,98418
ISL,352,Iceland,2008,H3,96769
ISL,352,Iceland,2009,H3,90528
ISL,352,Iceland,2010,H3,94263
ISL,352,Iceland,2011,H3,92515
IDN,360,Indonesia,2007,H1,210909
IDN,360,Indonesia,2008,H1,227770
IDN,360,Indonesia,2009,H1,223593
IDN,360,Indonesia,2010,H3,228130
IDN,360,Indonesia,2011,H3,232307
IRN,364,Iran,2010,H2,92325
IRN,364,Iran,2011,H3,88593
IRQ,368,Iraq,2010,H2,298
IRQ,368,Iraq,2011,H2,347
IRL,372,Ireland,2007,H3,175018
IRL,372,Ireland,2008,H3,173292
IRL,372,Ireland,2009,H3,176341
IRL,372,Ireland,2010,H3,179184
IRL,372,Ireland,2011,H3,184947
ISR,376,Israel,2007,H3,149193
ISR,376,Israel,2008,H3,165056
ISR,376,Israel,2009,H3,161239
ISR,376,Israel,2010,H3,166000
ISR,376,Israel,2011,H3,169120
ITA,380,Italy,2007,H3,1136888
ITA,380,Italy,2008,H3,1137199
ITA,380,Italy,2009,H3,1113510
ITA,380,Italy,2010,H3,553382
ITA,380,Italy,2011,H3,561710
CIV,384,Côte d'Ivoire,2007,H2,72829
CIV,384,Côte d'Ivoire,2008,H3,72431
CIV,384,Côte d'Ivoire,2009,H3,77054
CIV,384,Côte d'Ivoire,2010,H3,158136
CIV,384,Côte d'Ivoire,2011,H3,136898
JAM,388,Jamaica,2007,H2,64733
JAM,388,Jamaica,2008,H3,64525
JAM,388,Jamaica,2009,H3,64957
JAM,388,Jamaica,2010,H3,65324
JAM,388,Jamaica,2011,H3,64150
JPN,392,Japan,2007,H3,304402
JPN,392,Japan,2008,H3,301830
JPN,392,Japan,2009,H3,284340
JPN,392,Japan,2010,H3,286018
JPN,392,Japan,2011,H3,284534
KAZ,398,Kazakhstan,2007,H2,118607
KAZ,398,Kazakhstan,2008,H2,122183
KAZ,398,Kazakhstan,2009,H3,121105
KAZ,398,Kazakhstan,2010,H3,124166
KAZ,398,Kazakhstan,2011,H3,123067
JOR,400,Jordan,2007,H3,96601
JOR,400,Jordan,2008,H3,101396
JOR,400,Jordan,2009,H3,101378
JOR,400,Jordan,2010,H3,103635
JOR,400,Jordan,2011,H3,102891
KEN,404,Kenya,2007,H2,101358
KEN,404,Kenya,2008,H3,110535
KEN,404,Kenya,2009,H3,103850
KEN,404,Kenya,2010,H3,117917
KOR,410,Rep. of Korea,2007,H3,292438
KOR,410,Rep. of Korea,2008,H3,306702
KOR,410,Rep. of Korea,2009,H3,316519
KOR,410,Rep. of Korea,2010,H3,326332
KOR,410,Rep. of Korea,2011,H3,336929
KWT,414,Kuwait,2007,H2,159985
KWT,414,Kuwait,2008,H2,149105
KWT,414,Kuwait,2009,H2,41465
KWT,414,Kuwait,2010,H3,123186
KWT,414,Kuwait,2011,H3,134183
KGZ,417,Kyrgyzstan,2007,H2,42485
KGZ,417,Kyrgyzstan,2008,H3,43062
KGZ,417,Kyrgyzstan,2009,H3,41623
KGZ,417,Kyrgyzstan,2010,H3,47732
KGZ,417,Kyrgyzstan,2011,H3,48755
LAO,418,Lao People's Dem. Rep.,2010,H3,17989
LAO,418,Lao People's Dem. Rep.,2011,H3,16452
LBN,422,Lebanon,2007,H3,139607
LBN,422,Lebanon,2008,H3,140162
LBN,422,Lebanon,2009,H3,143732
LBN,422,Lebanon,2010,H3,148191
LBN,422,Lebanon,2011,H3,149235
LSO,426,Lesotho,2007,H1,162904
LSO,426,Lesotho,2008,H1,173170
LSO,426,Lesotho,2009,H1,184346
LSO,426,Lesotho,2010,H1,217740
LSO,426,Lesotho,2011,H2,214242
LVA,428,Latvia,2007,H3,882899
LVA,428,Latvia,2008,H3,870270
LVA,428,Latvia,2009,H3,868532
LVA,428,Latvia,2010,H3,134739
LVA,428,Latvia,2011,H3,141901
LBY,434,Libya,2007,H2,33930
LBY,434,Libya,2008,H2,33157
LBY,434,Libya,2009,H2,38619
LBY,434,Libya,2010,H2,38165
LTU,440,Lithuania,2007,H3,157523
LTU,440,Lithuania,2008,H3,161414
LTU,440,Lithuania,2009,H3,157637
LTU,440,Lithuania,2010,H3,163830
LTU,440,Lithuania,2011,H3,169716
LUX,442,Luxembourg,2007,H3,100627
LUX,442,Luxembourg,2008,H3,146808
LUX,442,Luxembourg,2009,H3,148396
LUX,442,Luxembourg,2010,H3,152033
LUX,442,Luxembourg,2011,H3,155477
MAC,446,"China, Macao SAR",2007,H3,122224
MAC,446,"China, Macao SAR",2008,H3,123080
MAC,446,"China, Macao SAR",2009,H3,112532
MAC,446,"China, Macao SAR",2010,H3,105425
MAC,446,"China, Macao SAR",2011,H3,107258
MDG,450,Madagascar,2007,H3,1390655
MDG,450,Madagascar,2008,H3,211270
MDG,450,Madagascar,2009,H3,181776
MDG,450,Madagascar,2010,H3,185351
MDG,450,Madagascar,2011,H3,207003
MWI,454,Malawi,2007,H2,109514
MWI,454,Malawi,2008,H2,111477
MWI,454,Malawi,2009,H3,116875
MWI,454,Malawi,2010,H3,128751
MWI,454,Malawi,2011,H3,133575
MYS,458,Malaysia,2007,H2,219947
MYS,458,Malaysia,2008,H2,223619
MYS,458,Malaysia,2009,H3,226142
MYS,458,Malaysia,2010,H3,225048
MYS,458,Malaysia,2011,H3,227500
MDV,462,Maldives,2007,H2,42176
MDV,462,Maldives,2008,H3,43305
MDV,462,Maldives,2009,H3,42331
MDV,462,Maldives,2010,H3,43707
MDV,462,Maldives,2011,H3,46138
MLI,466,Mali,2007,H2,31504
MLI,466,Mali,2008,H3,35642
MLI,466,Mali,2010,H3,37008
MLI,466,Mali,2011,H3,37091
MLT,470,Malta,2007,H3,65478
MLT,470,Malta,2008,H3,64943
MLT,470,Malta,2009,H3,65410
MLT,470,Malta,2010,H3,66863
MLT,470,Malta,2011,H3,68252
MRT,478,Mauritania,2007,H1,14689
MRT,478,Mauritania,2008,H1,14251
MRT,478,Mauritania,2009,H1,13991
MRT,478,Mauritania,2010,H2,16376
MRT,478,Mauritania,2011,H3,17861
MUS,480,Mauritius,2007,H2,85789
MUS,480,Mauritius,2008,H3,88487
MUS,480,Mauritius,2009,H3,87244
MUS,480,Mauritius,2010,H3,105354
MUS,480,Mauritius,2011,H3,109498
MEX,484,Mexico,2007,H2,250747
MEX,484,Mexico,2008,H3,256105
MEX,484,Mexico,2009,H3,254590
MEX,484,Mexico,2010,H3,262509
MEX,484,Mexico,2011,H3,265389
S19,490,"Other Asia, nes",2007,H2,366877
S19,490,"Other Asia, nes",2008,H2,371692
S19,490,"Other Asia, nes",2009,H3,344159
S19,490,"Other Asia, nes",2010,H3,376125
S19,490,"Other Asia, nes",2011,H3,375659
MNG,496,Mongolia,2007,H3,41970
MDA,498,Rep. of Moldova,2007,H2,83971
MDA,498,Rep. of Moldova,2008,H2,88880
MDA,498,Rep. of Moldova,2009,H3,83940
MDA,498,Rep. of Moldova,2010,H3,89252
MDA,498,Rep. of Moldova,2011,H3,94547
MNE,499,Montenegro,2007,H2,64971
MNE,499,Montenegro,2008,H3,69665
MNE,499,Montenegro,2009,H3,68805
MNE,499,Montenegro,2010,H3,71096
MNE,499,Montenegro,2011,H3,72253
MSR,500,Montserrat,2007,H2,10506
MSR,500,Montserrat,2008,H2,10608
MSR,500,Montserrat,2009,H2,10776
MSR,500,Montserrat,2010,H2,625
MSR,500,Montserrat,2011,H3,10286
MAR,504,Morocco,2007,H2,117737
MAR,504,Morocco,2008,H2,121199
MAR,504,Morocco,2009,H2,125877
MAR,504,Morocco,2010,H2,126136
MAR,504,Morocco,2011,H2,127811
MOZ,508,Mozambique,2007,H2,49842
MOZ,508,Mozambique,2008,H2,51314
MOZ,508,Mozambique,2009,H2,50672
MOZ,508,Mozambique,2010,H2,46211
MOZ,508,Mozambique,2011,H2,41515
OMN,512,Oman,2007,H2,70434
OMN,512,Oman,2008,H2,75179
OMN,512,Oman,2009,H2,83004
OMN,512,Oman,2010,H2,90604
OMN,512,Oman,2011,H2,93503
NAM,516,Namibia,2007,H3,54203
NAM,516,Namibia,2008,H3,60571
NAM,516,Namibia,2009,H3,64567
NAM,516,Namibia,2010,H3,66826
NAM,516,Namibia,2011,H3,62904
NPL,524,Nepal,2009,H3,40617
NPL,524,Nepal,2010,H3,41454
NPL,524,Nepal,2011,H3,46981
NLD,528,Netherlands,2007,H3,425085
NLD,528,Netherlands,2008,H3,429085
NLD,528,Netherlands,2009,H3,424832
NLD,528,Netherlands,2010,H3,434291
NLD,528,Netherlands,2011,H3,515149
ANT,530,Netherlands Antilles (...2010),2007,H2,49136
ANT,530,Netherlands Antilles (...2010),2008,H2,45897
ABW,533,Aruba,2007,H2,8963
ABW,533,Aruba,2008,H2,9600
ABW,533,Aruba,2009,H3,39811
ABW,533,Aruba,2010,H3,39006
ABW,533,Aruba,2011,H3,39766
NCL,540,New Caledonia,2007,H2,64867
NCL,540,New Caledonia,2008,H3,66361
NCL,540,New Caledonia,2009,H3,85859
NCL,540,New Caledonia,2010,H3,66626
NCL,540,New Caledonia,2011,H3,67126
VUT,548,Vanuatu,2007,H2,27395
VUT,548,Vanuatu,2009,H2,30171
VUT,548,Vanuatu,2010,H2,29830
VUT,548,Vanuatu,2011,H2,29038
NZL,554,New Zealand,2007,H3,237715
NZL,554,New Zealand,2008,H3,240536
NZL,554,New Zealand,2009,H3,236079
NZL,554,New Zealand,2010,H3,785448
NZL,554,New Zealand,2011,H3,791227
NIC,558,Nicaragua,2007,H3,67094
NIC,558,Nicaragua,2008,H3,70771
NIC,558,Nicaragua,2009,H3,67732
NIC,558,Nicaragua,2010,H3,69941
NIC,558,Nicaragua,2011,H3,71065
NER,562,Niger,2007,H2,30220
NER,562,Niger,2008,H2,31158
NER,562,Niger,2009,H3,29485
NER,562,Niger,2010,H3,30667
NER,562,Niger,2011,H3,30399
NGA,566,Nigeria,2007,H2,55244
NGA,566,Nigeria,2008,H2,71482
NGA,566,Nigeria,2009,H3,74874
NGA,566,Nigeria,2010,H3,70580
NGA,566,Nigeria,2011,H3,75344
NOR,579,Norway,2007,H3,823804
NOR,579,Norway,2008,H3,829914
NOR,579,Norway,2009,H3,820784
NOR,579,Norway,2010,H3,222846
NOR,579,Norway,2011,H3,227025
FSM,583,FS Micronesia,2007,H2,20188
FSM,583,FS Micronesia,2008,H2,20599
FSM,583,FS Micronesia,2009,H2,19936
FSM,583,FS Micronesia,2010,H2,20011
FSM,583,FS Micronesia,2011,H2,19622
PLW,585,Palau,2007,H2,23690
PLW,585,Palau,2008,H2,23086
PLW,585,Palau,2009,H2,21847
PLW,585,Palau,2010,H2,21424
PLW,585,Palau,2011,H2,20892
PAK,586,Pakistan,2007,H2,158960
PAK,586,Pakistan,2008,H3,151830
PAK,586,Pakistan,2009,H3,146833
PAK,586,Pakistan,2010,H3,151882
PAK,586,Pakistan,2011,H3,148058
PAN,591,Panama,2007,H2,169999
PAN,591,Panama,2008,H3,170107
PAN,591,Panama,2009,H3,168388
PAN,591,Panama,2010,H3,192364
PAN,591,Panama,2011,H3,211953
PNG,598,Papua New Guinea,2011,H3,55204
PRY,600,Paraguay,2007,H3,143766
PRY,600,Paraguay,2008,H3,155019
PRY,600,Paraguay,2009,H3,151130
PRY,600,Paraguay,2010,H3,165401
PRY,600,Paraguay,2011,H3,177753
PER,604,Peru,2007,H2,127879
PER,604,Peru,2008,H3,135667
PER,604,Peru,2009,H3,132159
PER,604,Peru,2010,H3,1106538
PER,604,Peru,2011,H3,1168751
PHL,608,Philippines,2007,H2,125450
PHL,608,Philippines,2008,H2,122006
PHL,608,Philippines,2009,H2,118809
PHL,608,Philippines,2010,H2,119028
PHL,608,Philippines,2011,H2,120197
POL,616,Poland,2007,H3,334225
POL,616,Poland,2008,H3,342747
POL,616,Poland,2009,H3,340958
POL,616,Poland,2010,H3,351121
POL,616,Poland,2011,H3,364507
PRT,620,Portugal,2007,H3,211350
PRT,620,Portugal,2008,H3,215357
PRT,620,Portugal,2009,H3,212053
PRT,620,Portugal,2010,H3,222057
PRT,620,Portugal,2011,H3,231034
QAT,634,Qatar,2007,H2,117191
QAT,634,Qatar,2008,H2,98012
QAT,634,Qatar,2009,H3,27353
QAT,634,Qatar,2010,H2,108093
QAT,634,Qatar,2011,H3,7197
ROU,642,Romania,2007,H3,397350
ROU,642,Romania,2008,H3,406590
ROU,642,Romania,2009,H3,403410
ROU,642,Romania,2010,H3,210164
ROU,642,Romania,2011,H3,214366
RUS,643,Russian Federation,2007,H3,252769
RUS,643,Russian Federation,2008,H3,252284
RUS,643,Russian Federation,2009,H3,243467
RUS,643,Russian Federation,2010,H3,239352
RUS,643,Russian Federation,2011,H3,254533
RWA,646,Rwanda,2007,H2,37886
RWA,646,Rwanda,2008,H2,41873
RWA,646,Rwanda,2009,H3,46101
RWA,646,Rwanda,2010,H3,116727
RWA,646,Rwanda,2011,H3,112535
KNA,659,Saint Kitts and Nevis,2007,H1,25239
KNA,659,Saint Kitts and Nevis,2008,H1,25026
KNA,659,Saint Kitts and Nevis,2009,H3,25264
KNA,659,Saint Kitts and Nevis,2010,H3,24848
KNA,659,Saint Kitts and Nevis,2011,H3,26075
AIA,660,Anguilla,2007,H0,12763
AIA,660,Anguilla,2008,H0,12109
LCA,662,Saint Lucia,2007,H1,35648
LCA,662,Saint Lucia,2008,H1,43297
LCA,662,Saint Lucia,2009,H1,47489
LCA,662,Saint Lucia,2010,H1,47756
LCA,662,Saint Lucia,2011,H1,45268
VCT,670,Saint Vincent and the Grenadines,2007,H1,36376
VCT,670,Saint Vincent and the Grenadines,2008,H1,37101
VCT,670,Saint Vincent and the Grenadines,2009,H3,40003
VCT,670,Saint Vincent and the Grenadines,2010,H3,40242
VCT,670,Saint Vincent and the Grenadines,2011,H3,38616
STP,678,Sao Tome and Principe,2007,H1,10204
STP,678,Sao Tome and Principe,2008,H1,9846
STP,678,Sao Tome and Principe,2009,H1,11564
STP,678,Sao Tome and Principe,2010,H1,12715
STP,678,Sao Tome and Principe,2011,H3,12408
SAU,682,Saudi Arabia,2007,H3,101539
SAU,682,Saudi Arabia,2008,H3,108407
SAU,682,Saudi Arabia,2009,H3,104584
SAU,682,Saudi Arabia,2010,H3,107597
SAU,682,Saudi Arabia,2011,H3,112704
SEN,686,Senegal,2007,H2,61728
SEN,686,Senegal,2008,H3,62526
SEN,686,Senegal,2009,H3,61213
SEN,686,Senegal,2010,H3,62520
SEN,686,Senegal,2011,H3,65399
SRB,688,Serbia,2007,H3,163643
SRB,688,Serbia,2008,H3,166995
SRB,688,Serbia,2009,H3,158340
SRB,688,Serbia,2010,H3,162233
SRB,688,Serbia,2011,H3,164211
SYC,690,Seychelles,2007,H0,127965
SYC,690,Seychelles,2008,H2,141437
SYC,690,Seychelles,2009,H2,162814
SYC,690,Seychelles,2010,H2,153842
SYC,690,Seychelles,2011,H2,143811
IND,699,India,2007,H2,371086
IND,699,India,2008,H2,405231
IND,699,India,2009,H3,410950
IND,699,India,2010,H3,423909
IND,699,India,2011,H3,478168
SGP,702,Singapore,2007,H3,284114
SGP,702,Singapore,2008,H3,288623
SGP,702,Singapore,2009,H3,285175
SGP,702,Singapore,2010,H3,295785
SGP,702,Singapore,2011,H3,311714
SVK,703,Slovakia,2007,H3,183467
SVK,703,Slovakia,2008,H3,185933
SVK,703,Slovakia,2009,H3,190375
SVK,703,Slovakia,2010,H3,2885898
SVK,703,Slovakia,2011,H3,3008111
VNM,704,Viet Nam,2007,H2,155058
VNM,704,Viet Nam,2008,H3,147440
VNM,704,Viet Nam,2009,H3,150741
VNM,704,Viet Nam,2010,H3,157929
VNM,704,Viet Nam,2011,H3,156889
SVN,705,Slovenia,2007,H3,213956
SVN,705,Slovenia,2008,H3,218271
SVN,705,Slovenia,2009,H3,213976
SVN,705,Slovenia,2010,H3,216027
SVN,705,Slovenia,2011,H3,218783
ZAF,710,South Africa,2007,H3,326529
ZAF,710,South Africa,2008,H3,330715
ZAF,710,South Africa,2009,H3,315746
ZAF,710,South Africa,2010,H3,2364660
ZAF,710,South Africa,2011,H3,3294490
ZWE,716,Zimbabwe,2007,H2,176372
ZWE,716,Zimbabwe,2008,H3,144219
ZWE,716,Zimbabwe,2009,H3,144363
ZWE,716,Zimbabwe,2010,H3,166556
ZWE,716,Zimbabwe,2011,H3,164121
ESP,724,Spain,2007,H3,14582355
ESP,724,Spain,2008,H3,14492799
ESP,724,Spain,2009,H3,13866267
ESP,724,Spain,2010,H3,14474499
ESP,724,Spain,2011,H3,15825895
SDN,736,Sudan (...2011),2007,H3,134693
SDN,736,Sudan (...2011),2008,H3,135489
SDN,736,Sudan (...2011),2009,H3,122935
SDN,736,Sudan (...2011),2010,H3,48613
SDN,736,Sudan (...2011),2011,H3,44444
SUR,740,Suriname,2007,H0,25752
SUR,740,Suriname,2008,H0,25746
SUR,740,Suriname,2009,H1,30511
SUR,740,Suriname,2010,H3,31969
SUR,740,Suriname,2011,H3,35851
SWZ,748,Eswatini,2007,H1,24949
SWZ,748,Eswatini,2008,H3,80363
SWZ,748,Eswatini,2009,H3,76356
SWZ,748,Eswatini,2010,H3,81884
SWZ,748,Eswatini,2011,H3,89284
SWE,752,Sweden,2007,H3,312229
SWE,752,Sweden,2008,H3,313226
SWE,752,Sweden,2009,H3,308995
SWE,752,Sweden,2010,H3,319203
SWE,752,Sweden,2011,H3,322223
CHE,757,Switzerland,2007,H3,3625375
CHE,757,Switzerland,2008,H3,3634227
CHE,757,Switzerland,2009,H3,3476888
CHE,757,Switzerland,2010,H3,377644
CHE,757,Switzerland,2011,H3,379842
SYR,760,Syria,2007,H2,30938
SYR,760,Syria,2008,H3,30344
SYR,760,Syria,2009,H3,77349
SYR,760,Syria,2010,H3,87239
THA,764,Thailand,2007,H3,325880
THA,764,Thailand,2008,H3,332069
THA,764,Thailand,2009,H3,322173
THA,764,Thailand,2010,H3,340512
THA,764,Thailand,2011,H3,367104
TGO,768,Togo,2007,H2,20569
TGO,768,Togo,2008,H3,133720
TGO,768,Togo,2009,H3,128993
TGO,768,Togo,2010,H3,119232
TGO,768,Togo,2011,H3,159642
TON,776,Tonga,2007,H0,7196
TON,776,Tonga,2008,H3,21510
TON,776,Tonga,2009,H3,20874
TON,776,Tonga,2010,H3,20478
TON,776,Tonga,2011,H3,22327
TTO,780,Trinidad and Tobago,2007,H3,81835
TTO,780,Trinidad and Tobago,2008,H3,79328
TTO,780,Trinidad and Tobago,2009,H3,94352
TTO,780,Trinidad and Tobago,2010,H3,86547
TTO,780,Trinidad and Tobago,2011,H3,249319
ARE,784,United Arab Emirates,2007,H2,394235
ARE,784,United Arab Emirates,2008,H3,392686
ARE,784,United Arab Emirates,2009,H3,140275
ARE,784,United Arab Emirates,2010,H3,147040
ARE,784,United Arab Emirates,2011,H3,152424
TUN,788,Tunisia,2007,H2,100554
TUN,788,Tunisia,2008,H3,102338
TUN,788,Tunisia,2009,H3,103651
TUN,788,Tunisia,2010,H3,107413
TUN,788,Tunisia,2011,H3,105429
TUR,792,Türkiye,2007,H3,6563588
TUR,792,Türkiye,2008,H3,6752501
TUR,792,Türkiye,2009,H3,6654643
TUR,792,Türkiye,2010,H3,369289
TUR,792,Türkiye,2011,H3,388817
TCA,796,Turks and Caicos Isds,2007,H2,2426
TCA,796,Turks and Caicos Isds,2008,H2,2630
TCA,796,Turks and Caicos Isds,2009,H2,3730
TCA,796,Turks and Caicos Isds,2011,H3,14091
TUV,798,Tuvalu,2008,H0,4006
UGA,800,Uganda,2007,H2,69389
UGA,800,Uganda,2008,H3,75288
UGA,800,Uganda,2009,H3,79315
UGA,800,Uganda,2010,H3,83484
UGA,800,Uganda,2011,H3,73899
UKR,804,Ukraine,2007,H1,173707
UKR,804,Ukraine,2008,H2,190080
UKR,804,Ukraine,2009,H2,181864
UKR,804,Ukraine,2010,H2,193307
UKR,804,Ukraine,2011,H3,199131
MKD,807,North Macedonia,2007,H3,97387
MKD,807,North Macedonia,2008,H3,103393
MKD,807,North Macedonia,2009,H3,102392
MKD,807,North Macedonia,2010,H3,241496
MKD,807,North Macedonia,2011,H3,104119
EGY,818,Egypt,2007,H0,94170
EGY,818,Egypt,2008,H3,138543
EGY,818,Egypt,2009,H3,149488
EGY,818,Egypt,2010,H3,147138
EGY,818,Egypt,2011,H3,136115
GBR,826,United Kingdom,2007,H3,531831
GBR,826,United Kingdom,2008,H3,532813
GBR,826,United Kingdom,2009,H3,510077
GBR,826,United Kingdom,2010,H3,543535
GBR,826,United Kingdom,2011,H3,538269
TZA,834,United Rep. of Tanzania,2007,H2,86758
TZA,834,United Rep. of Tanzania,2008,H3,86678
TZA,834,United Rep. of Tanzania,2009,H3,89118
TZA,834,United Rep. of Tanzania,2010,H3,97178
TZA,834,United Rep. of Tanzania,2011,H3,100833
USA,842,USA,2007,H3,714643
USA,842,USA,2008,H3,740847
USA,842,USA,2009,H3,726234
USA,842,USA,2010,H3,745268
USA,842,USA,2011,H3,768882
BFA,854,Burkina Faso,2007,H2,33063
BFA,854,Burkina Faso,2008,H2,32986
BFA,854,Burkina Faso,2009,H3,36359
BFA,854,Burkina Faso,2010,H3,37940
BFA,854,Burkina Faso,2011,H3,37805
URY,858,Uruguay,2007,H3,74708
URY,858,Uruguay,2008,H3,77237
URY,858,Uruguay,2009,H3,78833
URY,858,Uruguay,2010,H3,81241
URY,858,Uruguay,2011,H3,84380
VEN,862,Venezuela,2007,H2,81534
VEN,862,Venezuela,2008,H2,117518
VEN,862,Venezuela,2009,H2,103407
VEN,862,Venezuela,2010,H2,93052
VEN,862,Venezuela,2011,H2,101252
WSM,882,Samoa,2007,H1,14207
WSM,882,Samoa,2008,H1,14019
WSM,882,Samoa,2009,H3,16198
WSM,882,Samoa,2010,H3,18532
WSM,882,Samoa,2011,H3,19148
YEM,887,Yemen,2007,H2,57189
YEM,887,Yemen,2008,H2,57155
YEM,887,Yemen,2009,H3,59367
YEM,887,Yemen,2010,H3,54835
YEM,887,Yemen,2011,H3,41657
ZMB,894,Zambia,2007,H2,340210
ZMB,894,Zambia,2008,H3,872458
ZMB,894,Zambia,2009,H3,863390
ZMB,894,Zambia,2010,H3,929395
ZMB,894,Zambia,2011,H3,941990
R4,975,ASEAN,2010,H3,470048
R4,975,ASEAN,2011,H3,493822
AFG,4,Afghanistan,2012,H2,367
AFG,4,Afghanistan,2013,H2,339
AFG,4,Afghanistan,2014,H2,336
AFG,4,Afghanistan,2015,H2,4271
AFG,4,Afghanistan,2016,H2,4589
ALB,8,Albania,2012,H4,62889
ALB,8,Albania,2013,H4,64121
ALB,8,Albania,2014,H4,22185
ALB,8,Albania,2015,H4,32943
ALB,8,Albania,2016,H4,32349
DZA,12,Algeria,2012,H4,83874
DZA,12,Algeria,2013,H4,85987
DZA,12,Algeria,2014,H4,88447
DZA,12,Algeria,2015,H4,90764
DZA,12,Algeria,2016,H4,90090
AND,20,Andorra,2012,H4,32943
AND,20,Andorra,2013,H4,33074
AND,20,Andorra,2014,H4,35071
AND,20,Andorra,2015,H4,34681
AND,20,Andorra,2016,H4,35826
AGO,24,Angola,2012,H3,91934
AGO,24,Angola,2013,H3,639357
AGO,24,Angola,2014,H4,684554
AGO,24,Angola,2015,H4,296161
AGO,24,Angola,2016,H4,568561
ATG,28,Antigua and Barbuda,2012,H1,44752
ATG,28,Antigua and Barbuda,2013,H3,41847
ATG,28,Antigua and Barbuda,2014,H3,38323
ATG,28,Antigua and Barbuda,2015,H3,39974
ATG,28,Antigua and Barbuda,2016,H3,38745
AZE,31,Azerbaijan,2012,H4,56759
AZE,31,Azerbaijan,2013,H4,58434
AZE,31,Azerbaijan,2014,H4,59305
AZE,31,Azerbaijan,2015,H4,281512
AZE,31,Azerbaijan,2016,H4,400702
ARG,32,Argentina,2012,H4,153300
ARG,32,Argentina,2013,H4,147629
ARG,32,Argentina,2014,H4,485900
ARG,32,Argentina,2015,H4,422672
ARG,32,Argentina,2016,H4,440654
AUS,36,Australia,2012,H4,264960
AUS,36,Australia,2013,H4,266113
AUS,36,Australia,2014,H4,269082
AUS,36,Australia,2015,H4,275315
AUS,36,Australia,2016,H4,276242
AUT,40,Austria,2012,H4,408418
AUT,40,Austria,2013,H4,414474
AUT,40,Austria,2014,H4,422996
AUT,40,Austria,2015,H4,427193
AUT,40,Austria,2016,H4,429203
BHS,44,Bahamas,2012,H3,37599
BHS,44,Bahamas,2013,H4,33880
BHS,44,Bahamas,2014,H4,35667
BHS,44,Bahamas,2015,H4,40832
BHS,44,Bahamas,2016,H4,37267
BHR,48,Bahrain,2012,H3,119696
BHR,48,Bahrain,2013,H4,123503
BHR,48,Bahrain,2014,H4,137010
BHR,48,Bahrain,2015,H4,156042
BHR,48,Bahrain,2016,H4,148845
BGD,50,Bangladesh,2012,H4,89950
BGD,50,Bangladesh,2013,H4,88950
BGD,50,Bangladesh,2015,H4,107253
BGD,50,Bangladesh,2016,H4,126565
ARM,51,Armenia,2012,H3,74263
ARM,51,Armenia,2013,H4,73871
ARM,51,Armenia,2014,H4,73896
ARM,51,Armenia,2015,H4,75524
ARM,51,Armenia,2016,H4,76184
BRB,52,Barbados,2012,H2,68708
BRB,52,Barbados,2013,H2,69678
BRB,52,Barbados,2014,H2,67478
BRB,52,Barbados,2015,H2,69600
BRB,52,Barbados,2016,H2,72173
BEL,56,Belgium,2012,H4,470452
BEL,56,Belgium,2013,H4,471105
BEL,56,Belgium,2014,H4,474594
BEL,56,Belgium,2015,H4,474910
BEL,56,Belgium,2016,H4,504293
BMU,60,Bermuda,2012,H4,27564
BMU,60,Bermuda,2013,H4,30057
BMU,60,Bermuda,2014,H4,29959
BMU,60,Bermuda,2015,H4,30604
BMU,60,Bermuda,2016,H4,32708
BTN,64,Bhutan,2012,H4,19140
BTN,64,Bhutan,2016,H4,21280
BOL,68,Bolivia (Plurinational State of),2012,H4,245479
BOL,68,Bolivia (Plurinational State of),2013,H4,243508
BOL,68,Bolivia (Plurinational State of),2014,H4,252613
BOL,68,Bolivia (Plurinational State of),2015,H4,254465
BOL,68,Bolivia (Plurinational State of),2016,H4,257192
BIH,70,Bosnia Herzegovina,2012,H4,121982
BIH,70,Bosnia Herzegovina,2013,H4,125114
BIH,70,Bosnia Herzegovina,2014,H4,128620
BIH,70,Bosnia Herzegovina,2015,H4,129160
BIH,70,Bosnia Herzegovina,2016,H4,132552
BWA,72,Botswana,2012,H2,158480
BWA,72,Botswana,2013,H2,151781
BWA,72,Botswana,2014,H4,147192
BWA,72,Botswana,2015,H4,154157
BWA,72,Botswana,2016,H4,52468
BRA,76,Brazil,2012,H4,691681
BRA,76,Brazil,2013,H4,693627
BRA,76,Brazil,2014,H4,693286
BRA,76,Brazil,2015,H4,692439
BRA,76,Brazil,2016,H4,693248
BLZ,84,Belize,2012,H3,30173
BLZ,84,Belize,2013,H3,31364
BLZ,84,Belize,2014,H4,37204
BLZ,84,Belize,2015,H4,38346
BLZ,84,Belize,2016,H4,39243
SLB,90,Solomon Isds,2012,H2,35680
SLB,90,Solomon Isds,2013,H2,40430
SLB,90,Solomon Isds,2014,H2,18899
SLB,90,Solomon Isds,2015,H4,25629
SLB,90,Solomon Isds,2016,H4,27730
BRN,96,Brunei Darussalam,2012,H3,66388
BRN,96,Brunei Darussalam,2013,H4,62020
BRN,96,Brunei Darussalam,2014,H4,61817
BRN,96,Brunei Darussalam,2015,H4,66440
BRN,96,Brunei Darussalam,2016,H4,65340
EUR,97,European Union,2012,H4,2445440
EUR,97,European Union,2013,H4,2469968
EUR,97,European Union,2014,H4,2445410
EUR,97,European Union,2015,H4,2438813
EUR,97,European Union,2016,H4,2431241
BGR,100,Bulgaria,2012,H4,177516
BGR,100,Bulgaria,2013,H4,175497
BGR,100,Bulgaria,2014,H4,179852
BGR,100,Bulgaria,2015,H4,186532
BGR,100,Bulgaria,2016,H4,2598073
MMR,104,Myanmar,2012,H4,33685
MMR,104,Myanmar,2013,H4,36372
MMR,104,Myanmar,2014,H4,115152
MMR,104,Myanmar,2015,H4,117684
MMR,104,Myanmar,2016,H4,120455
BDI,108,Burundi,2012,H2,29393
BDI,108,Burundi,2013,H3,24420
BDI,108,Burundi,2014,H4,23612
BDI,108,Burundi,2015,H4,21908
BDI,108,Burundi,2016,H4,26834
BLR,112,Belarus,2012,H4,127389
BLR,112,Belarus,2013,H4,130797
BLR,112,Belarus,2014,H4,116093
BLR,112,Belarus,2015,H4,127251
BLR,112,Belarus,2016,H4,131646
KHM,116,Cambodia,2012,H4,39310
KHM,116,Cambodia,2013,H4,42970
KHM,116,Cambodia,2014,H4,45657
KHM,116,Cambodia,2015,H4,51473
KHM,116,Cambodia,2016,H4,55055
CMR,120,Cameroon,2012,H2,68157
CMR,120,Cameroon,2013,H4,70054
CMR,120,Cameroon,2014,H4,70440
CMR,120,Cameroon,2015,H4,71396
CMR,120,Cameroon,2016,H4,70638
CAN,124,Canada,2012,H4,415051
CAN,124,Canada,2013,H4,408615
CAN,124,Canada,2014,H4,522407
CAN,124,Canada,2015,H4,6570121
CAN,124,Canada,2016,H4,6676079
CPV,132,Cabo Verde,2012,H3,43054
CPV,132,Cabo Verde,2013,H4,30017
CPV,132,Cabo Verde,2014,H4,30750
CPV,132,Cabo Verde,2015,H4,31627
CPV,132,Cabo Verde,2016,H4,32441
CYM,136,Cayman Isds,2013,H2,1477
CYM,136,Cayman Isds,2015,H4,1848
CAF,140,Central African Rep.,2012,H3,7807
CAF,140,Central African Rep.,2013,H3,5123
CAF,140,Central African Rep.,2014,H3,5816
CAF,140,Central African Rep.,2015,H3,6779
CAF,140,Central African Rep.,2016,H4,7085
LKA,144,Sri Lanka,2012,H3,142206
LKA,144,Sri Lanka,2013,H4,125555
LKA,144,Sri Lanka,2014,H4,142006
LKA,144,Sri Lanka,2015,H4,143191
LKA,144,Sri Lanka,2016,H4,158710
CHL,152,Chile,2012,H4,186989
CHL,152,Chile,2013,H4,159432
CHL,152,Chile,2014,H4,160545
CHL,152,Chile,2015,H4,162287
CHL,152,Chile,2016,H4,165651
CHN,156,China,2012,H4,696476
CHN,156,China,2013,H4,709963
CHN,156,China,2014,H4,730672
CHN,156,China,2015,H4,2894591
CHN,156,China,2016,H4,2991492
COL,170,Colombia,2012,H4,156042
COL,170,Colombia,2013,H4,158505
COL,170,Colombia,2014,H4,160368
COL,170,Colombia,2015,H4,157146
COL,170,Colombia,2016,H4,158225
COM,174,Comoros,2012,H2,32553
COM,174,Comoros,2013,H2,33218
COM,174,Comoros,2014,H4,30713
COM,174,Comoros,2015,H4,31894
COM,174,Comoros,2016,H4,34917
COG,178,Congo,2012,H2,41195
COG,178,Congo,2013,H2,43010
COG,178,Congo,2014,H4,133742
COG,178,Congo,2015,H4,140176
COG,178,Congo,2016,H4,139309
COD,180,Dem. Rep. of the Congo,2015,H4,643978
COD,180,Dem. Rep. of the Congo,2016,H4,605025
CRI,188,Costa Rica,2012,H4,132712
CRI,188,Costa Rica,2013,H4,130561
CRI,188,Costa Rica,2014,H4,134783
CRI,188,Costa Rica,2015,H4,136259
CRI,188,Costa Rica,2016,H4,139724
HRV,191,Croatia,2012,H4,186959
HRV,191,Croatia,2013,H4,171838
HRV,191,Croatia,2014,H4,164533
HRV,191,Croatia,2015,H4,170840
HRV,191,Croatia,2016,H4,180453
CUB,192,Cuba,2016,H4,61080
CYP,196,Cyprus,2012,H4,92749
CYP,196,Cyprus,2013,H4,1589716
CYP,196,Cyprus,2014,H4,1647299
CYP,196,Cyprus,2015,H4,1686322
CYP,196,Cyprus,2016,H4,1754773
CZE,203,Czechia,2012,H4,343672
CZE,203,Czechia,2013,H4,351036
CZE,203,Czechia,2014,H4,360407
CZE,203,Czechia,2015,H4,363060
CZE,203,Czechia,2016,H4,378735
BEN,204,Benin,2012,H2,27973
BEN,204,Benin,2013,H3,29817
BEN,204,Benin,2014,H3,33517
BEN,204,Benin,2015,H4,169459
BEN,204,Benin,2016,H4,173378
DNK,208,Denmark,2012,H4,345884
DNK,208,Denmark,2013,H4,357413
DNK,208,Denmark,2014,H4,370213
DNK,208,Denmark,2015,H4,376455
DNK,208,Denmark,2016,H4,371455
DMA,212,Dominica,2012,H3,29416
DMA,212,Dominica,2013,H3,26492
DMA,212,Dominica,2016,H3,26811
DOM,214,Dominican Rep.,2012,H4,107469
DOM,214,Dominican Rep.,2013,H4,112115
DOM,214,Dominican Rep.,2014,H4,832324
DOM,214,Dominican Rep.,2015,H4,850386
DOM,214,Dominican Rep.,2016,H4,885246
ECU,218,Ecuador,2012,H3,96914
ECU,218,Ecuador,2013,H4,109676
ECU,218,Ecuador,2014,H4,107848
ECU,218,Ecuador,2015,H4,105841
ECU,218,Ecuador,2016,H4,102757
SLV,222,El Salvador,2012,H3,91782
SLV,222,El Salvador,2013,H4,95689
SLV,222,El Salvador,2014,H4,95580
SLV,222,El Salvador,2015,H4,96563
SLV,222,El Salvador,2016,H4,97796
ETH,231,Ethiopia,2012,H3,247430
ETH,231,Ethiopia,2013,H3,240214
ETH,231,Ethiopia,2014,H4,263792
ETH,231,Ethiopia,2015,H4,265605
ETH,231,Ethiopia,2016,H4,275900
EST,233,Estonia,2012,H4,160505
EST,233,Estonia,2013,H4,164832
EST,233,Estonia,2014,H4,170110
EST,233,Estonia,2015,H4,173279
EST,233,Estonia,2016,H4,3406633
FJI,242,Fiji,2012,H4,72847
FJI,242,Fiji,2013,H4,80008
FJI,242,Fiji,2014,H4,79421
FJI,242,Fiji,2015,H4,93734
FJI,242,Fiji,2016,H4,92811
FIN,246,Finland,2012,H4,246365
FIN,246,Finland,2013,H4,251938
FIN,246,Finland,2014,H4,249377
FIN,246,Finland,2015,H4,258401
FIN,246,Finland,2016,H4,257875
FRA,251,France,2012,H4,656093
FRA,251,France,2013,H4,663251
FRA,251,France,2014,H4,666428
FRA,251,France,2015,H4,674847
FRA,251,France,2016,H4,665587
PYF,258,French Polynesia,2012,H4,56523
PYF,258,French Polynesia,2013,H4,57482
PYF,258,French Polynesia,2014,H4,58748
PYF,258,French Polynesia,2015,H4,60295
PYF,258,French Polynesia,2016,H4,148257
GAB,266,Gabon,2012,H3,58747
GAB,266,Gabon,2013,H3,61086
GAB,266,Gabon,2014,H3,61232
GAB,266,Gabon,2015,H3,60317
GAB,266,Gabon,2016,H3,61491
GEO,268,Georgia,2012,H4,94237
GEO,268,Georgia,2013,H4,99513
GEO,268,Georgia,2014,H4,195801
GEO,268,Georgia,2015,H4,200346
GEO,268,Georgia,2016,H4,516246
GMB,270,Gambia,2012,H3,130062
GMB,270,Gambia,2013,H3,120540
GMB,270,Gambia,2014,H3,120446
GMB,270,Gambia,2015,H3,115707
GMB,270,Gambia,2016,H3,107232
PSE,275,State of Palestine,2012,H3,36605
PSE,275,State of Palestine,2013,H3,37913
PSE,275,State of Palestine,2014,H3,39408
PSE,275,State of Palestine,2015,H4,40943
PSE,275,State of Palestine,2016,H4,44601
DEU,276,Germany,2012,H4,14745826
DEU,276,Germany,2013,H4,14992472
DEU,276,Germany,2014,H4,14960155
DEU,276,Germany,2015,H4,14774539
DEU,276,Germany,2016,H4,14637424
GHA,288,Ghana,2012,H3,110359
GHA,288,Ghana,2013,H4,116496
GHA,288,Ghana,2014,H4,1108076
GHA,288,Ghana,2015,H4,1073647
GHA,288,Ghana,2016,H4,126799
KIR,296,Kiribati,2012,H2,14347
KIR,296,Kiribati,2013,H2,15344
KIR,296,Kiribati,2014,H4,34974
KIR,296,Kiribati,2015,H4,34602
KIR,296,Kiribati,2016,H4,34974
GRC,300,Greece,2012,H4,183534
GRC,300,Greece,2013,H4,188230
GRC,300,Greece,2014,H4,197037
GRC,300,Greece,2015,H4,203164
GRC,300,Greece,2016,H4,216305
GRL,304,Greenland,2012,H4,25473
GRL,304,Greenland,2013,H4,24722
GRL,304,Greenland,2014,H4,23469
GRL,304,Greenland,2015,H4,23387
GRL,304,Greenland,2016,H4,24222
GRD,308,Grenada,2012,H3,223978
GRD,308,Grenada,2013,H3,195386
GRD,308,Grenada,2014,H4,212710
GRD,308,Grenada,2015,H4,211474
GRD,308,Grenada,2016,H4,190594
GTM,320,Guatemala,2012,H4,112538
GTM,320,Guatemala,2013,H4,112916
GTM,320,Guatemala,2014,H4,113067
GTM,320,Guatemala,2015,H4,115303
GTM,320,Guatemala,2016,H4,115928
GIN,324,Guinea,2013,H4,34272
GIN,324,Guinea,2014,H4,33710
GIN,324,Guinea,2015,H4,32000
GIN,324,Guinea,2016,H4,35050
GUY,328,Guyana,2012,H3,46287
GUY,328,Guyana,2013,H3,46201
GUY,328,Guyana,2014,H3,44662
GUY,328,Guyana,2015,H3,228447
GUY,328,Guyana,2016,H3,47468
HTI,332,Haiti,2013,H3,45696
HTI,332,Haiti,2014,H3,43356
HTI,332,Haiti,2015,H3,42308
HTI,332,Haiti,2016,H4,41690
HND,340,Honduras,2012,H4,80605
HND,340,Honduras,2014,H4,85147
HND,340,Honduras,2015,H4,83808
HND,340,Honduras,2016,H4,85301
HKG,344,"China, Hong Kong SAR",2012,H4,380139
HKG,344,"China, Hong Kong SAR",2013,H4,381660
HKG,344,"China, Hong Kong SAR",2014,H4,387968
HKG,344,"China, Hong Kong SAR",2015,H4,1122983
HKG,344,"China, Hong Kong SAR",2016,H4,1103727
HUN,348,Hungary,2012,H4,238637
HUN,348,Hungary,2013,H4,244473
HUN,348,Hungary,2014,H4,251101
HUN,348,Hungary,2015,H4,258041
HUN,348,Hungary,2016,H4,1480767
ISL,352,Iceland,2012,H4,94712
ISL,352,Iceland,2013,H4,96409
ISL,352,Iceland,2014,H4,99547
ISL,352,Iceland,2015,H4,101501
ISL,352,Iceland,2016,H4,112653
IDN,360,Indonesia,2012,H4,237938
IDN,360,Indonesia,2013,H4,239275
IDN,360,Indonesia,2014,H4,238946
IDN,360,Indonesia,2015,H4,240720
IDN,360,Indonesia,2016,H4,244309
IRN,364,Iran,2013,H4,76420
IRN,364,Iran,2014,H4,80443
IRN,364,Iran,2015,H4,80631
IRN,364,Iran,2016,H4,89623
IRQ,368,Iraq,2012,H2,360
IRQ,368,Iraq,2013,H2,213
IRQ,368,Iraq,2014,H2,16689
IRQ,368,Iraq,2015,H2,159
IRQ,368,Iraq,2016,H2,140
IRL,372,Ireland,2012,H4,192021
IRL,372,Ireland,2013,H4,193318
IRL,372,Ireland,2014,H4,195625
IRL,372,Ireland,2015,H4,196704
IRL,372,Ireland,2016,H4,195061
ISR,376,Israel,2012,H4,169902
ISR,376,Israel,2013,H4,170181
ISR,376,Israel,2014,H4,170431
ISR,376,Israel,2015,H4,170924
ISR,376,Israel,2016,H4,171256
ITA,380,Italy,2012,H4,602366
ITA,380,Italy,2013,H4,607689
ITA,380,Italy,2014,H4,615525
ITA,380,Italy,2015,H4,1213018
ITA,380,Italy,2016,H4,1219981
CIV,384,Côte d'Ivoire,2012,H3,167406
CIV,384,Côte d'Ivoire,2013,H3,176812
CIV,384,Côte d'Ivoire,2014,H3,218146
CIV,384,Côte d'Ivoire,2015,H4,265217
CIV,384,Côte d'Ivoire,2016,H4,273742
JAM,388,Jamaica,2012,H3,62408
JAM,388,Jamaica,2013,H3,62306
JAM,388,Jamaica,2014,H4,70124
JAM,388,Jamaica,2015,H4,59336
JAM,388,Jamaica,2016,H4,71766
JPN,392,Japan,2012,H4,284736
JPN,392,Japan,2013,H4,290766
JPN,392,Japan,2014,H4,296224
JPN,392,Japan,2015,H4,298282
JPN,392,Japan,2016,H4,295411
KAZ,398,Kazakhstan,2012,H4,118987
KAZ,398,Kazakhstan,2013,H4,136081
KAZ,398,Kazakhstan,2014,H4,131478
KAZ,398,Kazakhstan,2015,H4,127067
KAZ,398,Kazakhstan,2016,H4,125941
JOR,400,Jordan,2012,H4,103491
JOR,400,Jordan,2013,H4,102015
JOR,400,Jordan,2014,H4,100210
JOR,400,Jordan,2015,H4,88614
JOR,400,Jordan,2016,H4,98044
KEN,404,Kenya,2013,H3,127936
KEN,404,Kenya,2015,H4,124750
KEN,404,Kenya,2016,H4,120544
KOR,410,Rep. of Korea,2012,H4,347410
KOR,410,Rep. of Korea,2013,H4,359746
KOR,410,Rep. of Korea,2014,H4,370413
KOR,410,Rep. of Korea,2015,H4,373241
KOR,410,Rep. of Korea,2016,H4,377965
KWT,414,Kuwait,2013,H4,142528
KWT,414,Kuwait,2014,H4,165891
KWT,414,Kuwait,2015,H4,1515492
KWT,414,Kuwait,2016,H4,1512453
KGZ,417,Kyrgyzstan,2012,H3,50784
KGZ,417,Kyrgyzstan,2013,H3,54233
KGZ,417,Kyrgyzstan,2014,H3,139066
KGZ,417,Kyrgyzstan,2015,H4,53094
KGZ,417,Kyrgyzstan,2016,H4,51865
LAO,418,Lao People's Dem. Rep.,2012,H4,17047
LAO,418,Lao People's Dem. Rep.,2013,H4,22818
LAO,418,Lao People's Dem. Rep.,2014,H4,22040
LAO,418,Lao People's Dem. Rep.,2015,H4,23053
LAO,418,Lao People's Dem. Rep.,2016,H4,22653
LBN,422,Lebanon,2012,H4,148665
LBN,422,Lebanon,2013,H4,150868
LBN,422,Lebanon,2014,H4,150286
LBN,422,Lebanon,2015,H4,148109
LBN,422,Lebanon,2016,H4,143658
LSO,426,Lesotho,2012,H2,218844
LSO,426,Lesotho,2013,H1,239262
LSO,426,Lesotho,2014,H1,234050
LSO,426,Lesotho,2015,H4,355769
LSO,426,Lesotho,2016,H4,388815
LVA,428,Latvia,2012,H4,145575
LVA,428,Latvia,2013,H4,149358
LVA,428,Latvia,2014,H4,1022666
LVA,428,Latvia,2015,H4,2190623
LVA,428,Latvia,2016,H4,1077220
LBY,434,Libya,2016,H2,34025
LTU,440,Lithuania,2012,H4,176696
LTU,440,Lithuania,2013,H4,186721
LTU,440,Lithuania,2014,H4,195974
LTU,440,Lithuania,2015,H4,205246
LTU,440,Lithuania,2016,H4,212904
LUX,442,Luxembourg,2012,H4,159678
LUX,442,Luxembourg,2013,H4,163623
LUX,442,Luxembourg,2014,H4,171558
LUX,442,Luxembourg,2015,H4,177291
LUX,442,Luxembourg,2016,H4,182041
MAC,446,"China, Macao SAR",2012,H4,98019
MAC,446,"China, Macao SAR",2013,H4,98177
MAC,446,"China, Macao SAR",2014,H4,104291
MAC,446,"China, Macao SAR",2015,H4,28151
MAC,446,"China, Macao SAR",2016,H4,33613
MDG,450,Madagascar,2012,H4,190655
MDG,450,Madagascar,2013,H4,186843
MDG,450,Madagascar,2014,H4,203295
MDG,450,Madagascar,2015,H4,208785
MDG,450,Madagascar,2016,H4,213819
MWI,454,Malawi,2012,H3,123063
MWI,454,Malawi,2013,H3,130442
MWI,454,Malawi,2014,H4,131970
MWI,454,Malawi,2015,H4,127339
MWI,454,Malawi,2016,H4,131798
MYS,458,Malaysia,2012,H3,232353
MYS,458,Malaysia,2013,H4,236577
MYS,458,Malaysia,2014,H4,239577
MYS,458,Malaysia,2015,H4,241079
MYS,458,Malaysia,2016,H4,242217
MDV,462,Maldives,2012,H4,47065
MDV,462,Maldives,2013,H4,47672
MDV,462,Maldives,2014,H4,52034
MDV,462,Maldives,2015,H4,52998
MDV,462,Maldives,2016,H4,59060
MLI,466,Mali,2012,H3,40193
MLI,466,Mali,2016,H4,45055
MLT,470,Malta,2012,H4,69193
MLT,470,Malta,2013,H4,70260
MLT,470,Malta,2014,H4,72514
MLT,470,Malta,2015,H4,76205
MLT,470,Malta,2016,H4,78120
MRT,478,Mauritania,2012,H3,19119
MRT,478,Mauritania,2013,H3,19674
MRT,478,Mauritania,2014,H3,18896
MRT,478,Mauritania,2015,H3,16979
MRT,478,Mauritania,2016,H4,18694
MUS,480,Mauritius,2012,H4,115165
MUS,480,Mauritius,2013,H4,116046
MUS,480,Mauritius,2014,H4,114160
MUS,480,Mauritius,2015,H4,117149
MUS,480,Mauritius,2016,H4,125114
MEX,484,Mexico,2012,H4,272643
MEX,484,Mexico,2013,H4,275639
MEX,484,Mexico,2014,H4,471561
MEX,484,Mexico,2015,H4,465652
MEX,484,Mexico,2016,H4,468127
S19,490,"Other Asia, nes",2012,H3,386475
S19,490,"Other Asia, nes",2013,H4,386387
S19,490,"Other Asia, nes",2014,H4,378293
S19,490,"Other Asia, nes",2015,H4,323503
S19,490,"Other Asia, nes",2016,H4,326251
MNG,496,Mongolia,2013,H4,59634
MNG,496,Mongolia,2014,H4,56370
MNG,496,Mongolia,2015,H4,60899
MNG,496,Mongolia,2016,H4,59295
MDA,498,Rep. of Moldova,2012,H3,95001
MDA,498,Rep. of Moldova,2013,H3,96151
MDA,498,Rep. of Moldova,2014,H3,94298
MDA,498,Rep. of Moldova,2015,H4,96163
MDA,498,Rep. of Moldova,2016,H4,1537566
MNE,499,Montenegro,2012,H4,71309
MNE,499,Montenegro,2013,H4,72918
MNE,499,Montenegro,2014,H4,74987
MNE,499,Montenegro,2015,H4,75663
MNE,499,Montenegro,2016,H4,1261332
MSR,500,Montserrat,2012,H3,13023
MSR,500,Montserrat,2013,H3,14410
MSR,500,Montserrat,2014,H3,14669
MSR,500,Montserrat,2015,H3,16175
MSR,500,Montserrat,2016,H3,16470
MAR,504,Morocco,2012,H2,126154
MAR,504,Morocco,2013,H2,130425
MAR,504,Morocco,2014,H2,141588
MAR,504,Morocco,2015,H4,141262
MAR,504,Morocco,2016,H4,146373
MOZ,508,Mozambique,2012,H3,47866
MOZ,508,Mozambique,2013,H3,60503
MOZ,508,Mozambique,2014,H3,61336
MOZ,508,Mozambique,2015,H3,62050
MOZ,508,Mozambique,2016,H3,421047
OMN,512,Oman,2012,H4,99503
OMN,512,Oman,2013,H4,93785
OMN,512,Oman,2014,H4,107023
OMN,512,Oman,2015,H4,131167
OMN,512,Oman,2016,H4,131726
NAM,516,Namibia,2012,H4,75477
NAM,516,Namibia,2013,H4,81248
NAM,516,Namibia,2014,H4,74513
NAM,516,Namibia,2015,H4,84725
NAM,516,Namibia,2016,H4,86713
NPL,524,Nepal,2012,H3,46564
NPL,524,Nepal,2013,H4,46097
NPL,524,Nepal,2014,H4,52538
NPL,524,Nepal,2015,H4,48965
NPL,524,Nepal,2016,H4,54971
NLD,528,Netherlands,2012,H4,530674
NLD,528,Netherlands,2013,H4,543033
NLD,528,Netherlands,2014,H4,549644
NLD,528,Netherlands,2015,H4,936788
NLD,528,Netherlands,2016,H4,662712
ABW,533,Aruba,2012,H3,39394
ABW,533,Aruba,2013,H3,34508
ABW,533,Aruba,2014,H4,30078
ABW,533,Aruba,2015,H4,20890
ABW,533,Aruba,2016,H4,19366
NCL,540,New Caledonia,2012,H3,69006
NCL,540,New Caledonia,2013,H3,69850
NCL,540,New Caledonia,2014,H4,70515
NCL,540,New Caledonia,2015,H4,61302
NZL,554,New Zealand,2012,H4,805716
NZL,554,New Zealand,2013,H4,811759
NZL,554,New Zealand,2014,H4,815158
NZL,554,New Zealand,2015,H4,827899
NZL,554,New Zealand,2016,H4,829335
NIC,558,Nicaragua,2012,H4,68130
NIC,558,Nicaragua,2013,H4,69424
NIC,558,Nicaragua,2014,H4,77663
NIC,558,Nicaragua,2015,H4,78283
NIC,558,Nicaragua,2016,H4,224072
NER,562,Niger,2012,H3,33915
NER,562,Niger,2013,H3,32792
NER,562,Niger,2014,H3,32499
NER,562,Niger,2015,H4,32498
NER,562,Niger,2016,H4,34656
NGA,566,Nigeria,2012,H3,73963
NGA,566,Nigeria,2013,H3,73939
NGA,566,Nigeria,2014,H3,77701
NGA,566,Nigeria,2015,H4,75684
NGA,566,Nigeria,2016,H4,68923
NOR,579,Norway,2012,H4,230877
NOR,579,Norway,2013,H4,236625
NOR,579,Norway,2014,H4,242094
NOR,579,Norway,2015,H4,976720
NOR,579,Norway,2016,H4,244720
FSM,583,FS Micronesia,2012,H2,19650
FSM,583,FS Micronesia,2013,H2,18960
PLW,585,Palau,2012,H2,23265
PLW,585,Palau,2013,H2,22161
PLW,585,Palau,2014,H4,25406
PLW,585,Palau,2015,H4,26878
PLW,585,Palau,2016,H4,27588
PAK,586,Pakistan,2012,H4,147482
PAK,586,Pakistan,2013,H4,142495
PAK,586,Pakistan,2014,H4,151394
PAK,586,Pakistan,2015,H4,153263
PAK,586,Pakistan,2016,H4,156745
PAN,591,Panama,2012,H4,219792
PAN,591,Panama,2013,H4,223733
PAN,591,Panama,2014,H4,221773
PAN,591,Panama,2015,H4,216722
PAN,591,Panama,2016,H4,206016
PNG,598,Papua New Guinea,2012,H4,58435
PRY,600,Paraguay,2012,H4,174878
PRY,600,Paraguay,2013,H4,182313
PRY,600,Paraguay,2014,H4,189323
PRY,600,Paraguay,2015,H4,195141
PRY,600,Paraguay,2016,H4,212663
PER,604,Peru,2012,H4,1211838
PER,604,Peru,2013,H4,1236516
PER,604,Peru,2014,H4,1250756
PER,604,Peru,2015,H4,1411501
PER,604,Peru,2016,H4,1289873
PHL,608,Philippines,2012,H2,129462
PHL,608,Philippines,2013,H2,127583
PHL,608,Philippines,2014,H2,129133
PHL,608,Philippines,2015,H2,138249
PHL,608,Philippines,2016,H2,145616
POL,616,Poland,2012,H4,375582
POL,616,Poland,2013,H4,386617
POL,616,Poland,2014,H4,397376
POL,616,Poland,2015,H4,413135
POL,616,Poland,2016,H4,424288
PRT,620,Portugal,2012,H4,241967
PRT,620,Portugal,2013,H4,252176
PRT,620,Portugal,2014,H4,257052
PRT,620,Portugal,2015,H4,2311171
PRT,620,Portugal,2016,H4,2432566
GNB,624,Guinea-Bissau,2014,H3,10526
GNB,624,Guinea-Bissau,2015,H3,11255
GNB,624,Guinea-Bissau,2016,H3,11623
TLS,626,Timor-Leste,2013,H2,11367
QAT,634,Qatar,2012,H4,57648
QAT,634,Qatar,2013,H4,57766
QAT,634,Qatar,2014,H4,133708
QAT,634,Qatar,2015,H4,60227
QAT,634,Qatar,2016,H4,75214
ROU,642,Romania,2012,H4,221393
ROU,642,Romania,2013,H4,228018
ROU,642,Romania,2014,H4,234565
ROU,642,Romania,2015,H4,238457
ROU,642,Romania,2016,H4,245524
RUS,643,Russian Federation,2012,H4,275626
RUS,643,Russian Federation,2013,H4,282032
RUS,643,Russian Federation,2014,H4,286410
RUS,643,Russian Federation,2015,H4,293388
RUS,643,Russian Federation,2016,H4,592074
RWA,646,Rwanda,2012,H3,93563
RWA,646,Rwanda,2013,H4,118314
RWA,646,Rwanda,2014,H4,123818
RWA,646,Rwanda,2015,H4,134083
RWA,646,Rwanda,2016,H4,135985
KNA,659,Saint Kitts and Nevis,2012,H3,24473
KNA,659,Saint Kitts and Nevis,2013,H3,25052
KNA,659,Saint Kitts and Nevis,2014,H3,26349
KNA,659,Saint Kitts and Nevis,2015,H3,159707
KNA,659,Saint Kitts and Nevis,2016,H3,164773
LCA,662,Saint Lucia,2012,H3,40996
LCA,662,Saint Lucia,2013,H3,45260
LCA,662,Saint Lucia,2014,H3,45434
LCA,662,Saint Lucia,2015,H4,49407
LCA,662,Saint Lucia,2016,H4,42311
VCT,670,Saint Vincent and the Grenadines,2012,H3,36236
VCT,670,Saint Vincent and the Grenadines,2013,H3,38214
VCT,670,Saint Vincent and the Grenadines,2014,H3,38627
VCT,670,Saint Vincent and the Grenadines,2015,H3,38046
VCT,670,Saint Vincent and the Grenadines,2016,H3,37701
STP,678,Sao Tome and Principe,2012,H3,13332
STP,678,Sao Tome and Principe,2013,H3,13492
STP,678,Sao Tome and Principe,2014,H3,14541
STP,678,Sao Tome and Principe,2015,H3,14772
STP,678,Sao Tome and Principe,2016,H3,16453
SAU,682,Saudi Arabia,2012,H4,115959
SAU,682,Saudi Arabia,2013,H4,116531
SAU,682,Saudi Arabia,2014,H4,116420
SAU,682,Saudi Arabia,2015,H4,235332
SAU,682,Saudi Arabia,2016,H4,225872
SEN,686,Senegal,2012,H3,64975
SEN,686,Senegal,2013,H3,66326
SEN,686,Senegal,2014,H3,67048
SEN,686,Senegal,2015,H4,68477
SEN,686,Senegal,2016,H4,70575
SRB,688,Serbia,2012,H4,169227
SRB,688,Serbia,2013,H4,171414
SRB,688,Serbia,2014,H4,176546
SRB,688,Serbia,2015,H4,181328
SRB,688,Serbia,2016,H4,186351
SYC,690,Seychelles,2012,H2,128267
SYC,690,Seychelles,2013,H3,138226
SYC,690,Seychelles,2014,H3,130697
SYC,690,Seychelles,2015,H3,266227
SYC,690,Seychelles,2016,H3,314820
SLE,694,Sierra Leone,2014,H3,18260
SLE,694,Sierra Leone,2015,H3,13840
SLE,694,Sierra Leone,2016,H3,29302
IND,699,India,2012,H3,480193
IND,699,India,2013,H4,454631
IND,699,India,2014,H4,462263
IND,699,India,2015,H4,459928
IND,699,India,2016,H4,464984
SGP,702,Singapore,2012,H4,319760
SGP,702,Singapore,2013,H4,324426
SGP,702,Singapore,2014,H4,331685
SGP,702,Singapore,2015,H4,332859
SGP,702,Singapore,2016,H4,334636
SVK,703,Slovakia,2012,H4,3062981
SVK,703,Slovakia,2013,H4,3234965
SVK,703,Slovakia,2014,H4,3295071
SVK,703,Slovakia,2015,H4,3366253
SVK,703,Slovakia,2016,H4,3436411
VNM,704,Viet Nam,2012,H4,181539
VNM,704,Viet Nam,2013,H4,183618
VNM,704,Viet Nam,2014,H4,195200
VNM,704,Viet Nam,2015,H4,205339
VNM,704,Viet Nam,2016,H4,219744
SVN,705,Slovenia,2012,H4,224959
SVN,705,Slovenia,2013,H4,234185
SVN,705,Slovenia,2014,H4,231870
SVN,705,Slovenia,2015,H4,238326
SVN,705,Slovenia,2016,H4,3689355
ZAF,710,South Africa,2012,H4,2900191
ZAF,710,South Africa,2013,H4,2872601
ZAF,710,South Africa,2014,H4,2867813
ZAF,710,South Africa,2015,H4,2866386
ZAF,710,South Africa,2016,H4,2915672
ZWE,716,Zimbabwe,2012,H3,172603
ZWE,716,Zimbabwe,2013,H4,175878
ZWE,716,Zimbabwe,2014,H4,177548
ZWE,716,Zimbabwe,2015,H4,176666
ZWE,716,Zimbabwe,2016,H4,159995
ESP,724,Spain,2012,H4,16493999
ESP,724,Spain,2013,H4,17298736
ESP,724,Spain,2014,H4,18052442
ESP,724,Spain,2015,H4,18876352
ESP,724,Spain,2016,H4,19433089
SDN,729,Sudan,2012,H4,121671
SDN,729,Sudan,2013,H4,121389
SDN,729,Sudan,2014,H4,143584
SDN,729,Sudan,2015,H3,46232
SDN,729,Sudan,2016,H4,144452
SUR,740,Suriname,2012,H3,31149
SUR,740,Suriname,2013,H3,27444
SUR,740,Suriname,2014,H3,28704
SUR,740,Suriname,2015,H3,57765
SUR,740,Suriname,2016,H3,50940
SWZ,748,Eswatini,2012,H4,77633
SWZ,748,Eswatini,2013,H4,77774
SWZ,748,Eswatini,2014,H4,76464
SWZ,748,Eswatini,2015,H4,85736
SWZ,748,Eswatini,2016,H4,88388
SWE,752,Sweden,2012,H4,2027890
SWE,752,Sweden,2013,H4,1565179
SWE,752,Sweden,2014,H4,2091607
SWE,752,Sweden,2015,H4,2130414
SWE,752,Sweden,2016,H4,2184493
CHE,757,Switzerland,2012,H4,4712516
CHE,757,Switzerland,2013,H4,4529614
CHE,757,Switzerland,2014,H4,4679326
CHE,757,Switzerland,2015,H4,4772931
CHE,757,Switzerland,2016,H4,4899787
TJK,762,Tajikistan,2014,H3,35529
TJK,762,Tajikistan,2015,H3,34549
TJK,762,Tajikistan,2016,H3,33412
THA,764,Thailand,2012,H4,375769
THA,764,Thailand,2013,H4,382021
THA,764,Thailand,2014,H4,387763
THA,764,Thailand,2015,H4,2005283
THA,764,Thailand,2016,H4,2013045
TGO,768,Togo,2012,H3,153425
TGO,768,Togo,2013,H3,157833
TGO,768,Togo,2014,H3,144028
TGO,768,Togo,2015,H4,130928
TGO,768,Togo,2016,H4,391556
TON,776,Tonga,2012,H3,24706
TON,776,Tonga,2013,H3,26607
TON,776,Tonga,2014,H4,26064
TTO,780,Trinidad and Tobago,2012,H3,258147
TTO,780,Trinidad and Tobago,2013,H3,262712
TTO,780,Trinidad and Tobago,2014,H3,261444
TTO,780,Trinidad and Tobago,2015,H3,274974
TTO,780,Trinidad and Tobago,2016,H4,279464
ARE,784,United Arab Emirates,2012,H4,555768
ARE,784,United Arab Emirates,2013,H4,535207
ARE,784,United Arab Emirates,2014,H4,561344
ARE,784,United Arab Emirates,2015,H4,558567
ARE,784,United Arab Emirates,2016,H4,562422
TUN,788,Tunisia,2012,H4,109489
TUN,788,Tunisia,2013,H4,109437
TUN,788,Tunisia,2014,H4,111793
TUN,788,Tunisia,2015,H4,110641
TUN,788,Tunisia,2016,H4,113033
TUR,792,Türkiye,2012,H4,399522
TUR,792,Türkiye,2013,H4,8748149
TUR,792,Türkiye,2014,H4,8952907
TUR,792,Türkiye,2015,H4,9038986
TUR,792,Türkiye,2016,H4,9023171
TCA,796,Turks and Caicos Isds,2012,H3,13796
UGA,800,Uganda,2012,H4,78261
UGA,800,Uganda,2013,H4,88692
UGA,800,Uganda,2014,H4,85418
UGA,800,Uganda,2015,H4,83810
UGA,800,Uganda,2016,H4,85651
UKR,804,Ukraine,2012,H3,200086
UKR,804,Ukraine,2013,H3,203280
UKR,804,Ukraine,2014,H4,193015
UKR,804,Ukraine,2015,H4,192403
UKR,804,Ukraine,2016,H4,915109
MKD,807,North Macedonia,2012,H4,105063
MKD,807,North Macedonia,2013,H4,108086
MKD,807,North Macedonia,2014,H4,110198
MKD,807,North Macedonia,2015,H4,248398
MKD,807,North Macedonia,2016,H4,253572
EGY,818,Egypt,2012,H3,136371
EGY,818,Egypt,2013,H3,135301
EGY,818,Egypt,2014,H4,134317
EGY,818,Egypt,2015,H4,136517
EGY,818,Egypt,2016,H4,132907
GBR,826,United Kingdom,2012,H4,565231
GBR,826,United Kingdom,2013,H4,579858
GBR,826,United Kingdom,2014,H4,594024
GBR,826,United Kingdom,2015,H4,555475
GBR,826,United Kingdom,2016,H4,566762
TZA,834,United Rep. of Tanzania,2012,H3,104369
TZA,834,United Rep. of Tanzania,2013,H4,102312
TZA,834,United Rep. of Tanzania,2014,H4,110512
TZA,834,United Rep. of Tanzania,2015,H4,107891
TZA,834,United Rep. of Tanzania,2016,H4,107330
USA,842,USA,2012,H4,781994
USA,842,USA,2013,H4,786342
USA,842,USA,2014,H4,793550
USA,842,USA,2015,H4,794006
USA,842,USA,2016,H4,1183247
BFA,854,Burkina Faso,2012,H3,40519
BFA,854,Burkina Faso,2013,H3,40778
BFA,854,Burkina Faso,2014,H3,38385
BFA,854,Burkina Faso,2015,H4,37416
BFA,854,Burkina Faso,2016,H4,41235
URY,858,Uruguay,2012,H4,86007
URY,858,Uruguay,2013,H4,87137
URY,858,Uruguay,2014,H4,87447
URY,858,Uruguay,2015,H4,86946
URY,858,Uruguay,2016,H4,86734
VEN,862,Venezuela,2012,H2,92282
VEN,862,Venezuela,2013,H2,86322
WSM,882,Samoa,2012,H4,20173
WSM,882,Samoa,2013,H4,21960
WSM,882,Samoa,2014,H4,22897
WSM,882,Samoa,2015,H4,24853
WSM,882,Samoa,2016,H4,24453
YEM,887,Yemen,2012,H4,48329
YEM,887,Yemen,2013,H4,32563
YEM,887,Yemen,2014,H4,49157
YEM,887,Yemen,2015,H4,31956
ZMB,894,Zambia,2012,H4,1084350
ZMB,894,Zambia,2013,H4,1112647
ZMB,894,Zambia,2014,H4,1098306
ZMB,894,Zambia,2015,H4,1060453
ZMB,894,Zambia,2016,H4,1049679
R4,975,ASEAN,2012,H4,1019417
R4,975,ASEAN,2013,H4,1025676
R4,975,ASEAN,2014,H4,1033272
R4,975,ASEAN,2015,H4,1034057
R4,975,ASEAN,2016,H4,1081035
AFG,4,Afghanistan,2017,H2,7463
AFG,4,Afghanistan,2018,H4,11712
AFG,4,Afghanistan,2019,H4,16575
ALB,8,Albania,2017,H5,436293
ALB,8,Albania,2018,H5,714674
ALB,8,Albania,2019,H5,477777
ALB,8,Albania,2020,H5,866396
ALB,8,Albania,2021,H5,540985
DZA,12,Algeria,2017,H5,90922
AND,20,Andorra,2017,H5,39134
AND,20,Andorra,2018,H5,39211
AND,20,Andorra,2019,H5,39863
AND,20,Andorra,2020,H5,39049
AND,20,Andorra,2021,H5,41578
AGO,24,Angola,2017,H4,566898
AGO,24,Angola,2018,H5,557023
AGO,24,Angola,2019,H5,579623
AGO,24,Angola,2020,H5,526368
AGO,24,Angola,2021,H5,547954
ATG,28,Antigua and Barbuda,2017,H3,266206
ATG,28,Antigua and Barbuda,2018,H3,238328
ATG,28,Antigua and Barbuda,2019,H3,226598
ATG,28,Antigua and Barbuda,2020,H3,203962
ATG,28,Antigua and Barbuda,2021,H3,210365
AZE,31,Azerbaijan,2017,H4,412855
AZE,31,Azerbaijan,2018,H5,418924
AZE,31,Azerbaijan,2019,H5,1188074
AZE,31,Azerbaijan,2020,H5,1117581
AZE,31,Azerbaijan,2021,H5,1164417
ARG,32,Argentina,2017,H4,467390
ARG,32,Argentina,2018,H5,456761
ARG,32,Argentina,2019,H5,423856
ARG,32,Argentina,2020,H5,394167
ARG,32,Argentina,2021,H5,416716
AUS,36,Australia,2017,H5,642014
AUS,36,Australia,2018,H5,648741
AUS,36,Australia,2019,H5,651959
AUS,36,Australia,2020,H5,630030
AUS,36,Australia,2021,H5,644377
AUT,40,Austria,2017,H5,440634
AUT,40,Austria,2018,H5,442788
AUT,40,Austria,2019,H5,447584
AUT,40,Austria,2020,H5,439359
AUT,40,Austria,2021,H5,462404
BHS,44,Bahamas,2017,H4,39412
BHS,44,Bahamas,2018,H4,43621
BHS,44,Bahamas,2019,H4,35751
BHS,44,Bahamas,2020,H5,33280
BHS,44,Bahamas,2021,H5,42853
BHR,48,Bahrain,2017,H5,149980
BHR,48,Bahrain,2018,H5,159625
BHR,48,Bahrain,2019,H5,128051
BHR,48,Bahrain,2020,H5,125516
BHR,48,Bahrain,2021,H5,165989
BGD,50,Bangladesh,2017,H5,134483
BGD,50,Bangladesh,2018,H5,139457
ARM,51,Armenia,2017,H5,1566504
ARM,51,Armenia,2018,H5,1095190
ARM,51,Armenia,2019,H5,1164669
ARM,51,Armenia,2020,H5,1227578
ARM,51,Armenia,2021,H5,1247831
BRB,52,Barbados,2017,H2,84747
BRB,52,Barbados,2018,H2,81551
BRB,52,Barbados,2019,H5,60077
BRB,52,Barbados,2020,H5,68111
BRB,52,Barbados,2021,H5,70837
BEL,56,Belgium,2017,H5,515736
BEL,56,Belgium,2018,H5,518628
BEL,56,Belgium,2019,H5,521873
BEL,56,Belgium,2020,H5,516699
BEL,56,Belgium,2021,H5,536011
BMU,60,Bermuda,2017,H5,33336
BMU,60,Bermuda,2018,H5,33880
BMU,60,Bermuda,2019,H5,32879
BMU,60,Bermuda,2020,H5,30096
BMU,60,Bermuda,2021,H5,32508
BTN,64,Bhutan,2017,H5,20994
BTN,64,Bhutan,2018,H5,22254
BTN,64,Bhutan,2019,H5,21492
BTN,64,Bhutan,2020,H5,18976
BOL,68,Bolivia (Plurinational State of),2017,H5,258028
BOL,68,Bolivia (Plurinational State of),2018,H5,259202
BOL,68,Bolivia (Plurinational State of),2019,H5,250642
BOL,68,Bolivia (Plurinational State of),2020,H5,228809
BOL,68,Bolivia (Plurinational State of),2021,H5,249519
BIH,70,Bosnia Herzegovina,2017,H5,2488840
BIH,70,Bosnia Herzegovina,2018,H5,2556843
BIH,70,Bosnia Herzegovina,2019,H5,2573420
BIH,70,Bosnia Herzegovina,2020,H5,2317445
BIH,70,Bosnia Herzegovina,2021,H5,2421627
BWA,72,Botswana,2017,H4,242514
BWA,72,Botswana,2018,H5,154029
BWA,72,Botswana,2019,H5,151337
BWA,72,Botswana,2020,H5,149857
BWA,72,Botswana,2021,H5,171277
BRA,76,Brazil,2017,H5,696468
BRA,76,Brazil,2018,H5,757794
BRA,76,Brazil,2019,H5,815877
BRA,76,Brazil,2020,H5,794016
BRA,76,Brazil,2021,H5,810932
BLZ,84,Belize,2017,H4,217212
BLZ,84,Belize,2018,H5,216153
BLZ,84,Belize,2019,H5,214760
BLZ,84,Belize,2020,H5,182236
BLZ,84,Belize,2021,H5,199086
SLB,90,Solomon Isds,2017,H4,27486
SLB,90,Solomon Isds,2018,H4,27638
BRN,96,Brunei Darussalam,2017,H5,161302
BRN,96,Brunei Darussalam,2018,H5,199726
BRN,96,Brunei Darussalam,2019,H5,165638
BRN,96,Brunei Darussalam,2020,H5,55582
BRN,96,Brunei Darussalam,2021,H5,62658
EUR,97,European Union,2017,H5,2441766
EUR,97,European Union,2018,H5,2442261
EUR,97,European Union,2019,H5,2444467
EUR,97,European Union,2020,H5,2314767
EUR,97,European Union,2021,H5,2435528
BGR,100,Bulgaria,2017,H5,2682669
BGR,100,Bulgaria,2018,H5,1131875
BGR,100,Bulgaria,2019,H5,1147777
BGR,100,Bulgaria,2020,H5,1129534
BGR,100,Bulgaria,2021,H5,1183172
MMR,104,Myanmar,2017,H5,400812
MMR,104,Myanmar,2018,H5,434683
MMR,104,Myanmar,2019,H5,434061
MMR,104,Myanmar,2020,H5,396153
MMR,104,Myanmar,2021,H5,331498
BDI,108,Burundi,2017,H4,69334
BDI,108,Burundi,2018,H4,162495
BDI,108,Burundi,2019,H5,428668
BDI,108,Burundi,2020,H5,380919
BDI,108,Burundi,2021,H5,421012
BLR,112,Belarus,2017,H5,441131
BLR,112,Belarus,2018,H5,504856
BLR,112,Belarus,2019,H5,475204
BLR,112,Belarus,2020,H5,474964
BLR,112,Belarus,2021,H5,462386
KHM,116,Cambodia,2017,H5,59022
KHM,116,Cambodia,2018,H5,62745
KHM,116,Cambodia,2019,H5,66568
KHM,116,Cambodia,2020,H5,64919
KHM,116,Cambodia,2021,H5,172250
CMR,120,Cameroon,2017,H4,71703
CMR,120,Cameroon,2018,H4,73615
CMR,120,Cameroon,2019,H5,74280
CMR,120,Cameroon,2020,H5,69499
CMR,120,Cameroon,2021,H5,75698
CAN,124,Canada,2017,H5,6897351
CAN,124,Canada,2018,H5,6884849
CAN,124,Canada,2019,H5,3999636
CAN,124,Canada,2020,H5,3806053
CAN,124,Canada,2021,H5,3982503
CPV,132,Cabo Verde,2017,H4,32522
CPV,132,Cabo Verde,2018,H4,31870
CPV,132,Cabo Verde,2019,H5,110685
CPV,132,Cabo Verde,2020,H5,31014
CPV,132,Cabo Verde,2021,H5,94912
CYM,136,Cayman Isds,2020,H5,49634
CYM,136,Cayman Isds,2021,H5,58270
CAF,140,Central African Rep.,2017,H4,9517
CAF,140,Central African Rep.,2018,H4,10282
CAF,140,Central African Rep.,2019,H4,10316
CAF,140,Central African Rep.,2020,H4,9534
CAF,140,Central African Rep.,2021,H4,10365
LKA,144,Sri Lanka,2017,H5,303932
LKA,144,Sri Lanka,2019,H5,297823
LKA,144,Sri Lanka,2020,H5,291704
LKA,144,Sri Lanka,2021,H5,292473
CHL,152,Chile,2017,H5,172320
CHL,152,Chile,2018,H5,177453
CHL,152,Chile,2019,H5,177247
CHL,152,Chile,2020,H5,174829
CHL,152,Chile,2021,H5,180205
CHN,156,China,2017,H5,3086454
CHN,156,China,2018,H5,787828
CHN,156,China,2019,H5,811658
CHN,156,China,2020,H5,784084
CHN,156,China,2021,H5,787591
COL,170,Colombia,2017,H5,1349644
COL,170,Colombia,2018,H5,1367116
COL,170,Colombia,2019,H5,2884876
COL,170,Colombia,2020,H5,1419256
COL,170,Colombia,2021,H5,1484983
COM,174,Comoros,2017,H4,34633
COM,174,Comoros,2018,H5,36676
COM,174,Comoros,2019,H5,36665
COM,174,Comoros,2020,H5,32038
COM,174,Comoros,2021,H5,37089
COG,178,Congo,2017,H4,113877
COG,178,Congo,2018,H5,109376
COG,178,Congo,2019,H5,117089
COG,178,Congo,2020,H5,43628
COG,178,Congo,2021,H5,45584
COD,180,Dem. Rep. of the Congo,2017,H4,579016
COD,180,Dem. Rep. of the Congo,2018,H4,595166
COD,180,Dem. Rep. of the Congo,2019,H4,608853
COD,180,Dem. Rep. of the Congo,2020,H4,117590
COD,180,Dem. Rep. of the Congo,2021,H4,128651
CRI,188,Costa Rica,2017,H5,142443
CRI,188,Costa Rica,2018,H5,142225
CRI,188,Costa Rica,2019,H5,143934
CRI,188,Costa Rica,2020,H5,134542
CRI,188,Costa Rica,2021,H5,143981
HRV,191,Croatia,2017,H5,187153
HRV,191,Croatia,2018,H5,192187
HRV,191,Croatia,2019,H5,195936
HRV,191,Croatia,2020,H5,194822
HRV,191,Croatia,2021,H5,197983
CUB,192,Cuba,2017,H4,58640
CUB,192,Cuba,2018,H5,59287
CUB,192,Cuba,2019,H5,57102
CUB,192,Cuba,2020,H5,49694
CUB,192,Cuba,2021,H5,51074
CYP,196,Cyprus,2017,H5,1850498
CYP,196,Cyprus,2018,H5,1895756
CYP,196,Cyprus,2019,H5,2138739
CYP,196,Cyprus,2020,H5,1968997
CYP,196,Cyprus,2021,H5,2315420
CZE,203,Czechia,2017,H5,2775816
CZE,203,Czechia,2018,H5,2831500
CZE,203,Czechia,2019,H5,2898726
CZE,203,Czechia,2020,H5,2948874
CZE,203,Czechia,2021,H5,3133185
BEN,204,Benin,2017,H4,176194
BEN,204,Benin,2018,H4,184550
BEN,204,Benin,2019,H5,191588
BEN,204,Benin,2020,H5,200281
BEN,204,Benin,2021,H5,218211
DNK,208,Denmark,2017,H5,378072
DNK,208,Denmark,2018,H5,381514
DNK,208,Denmark,2019,H5,386429
DNK,208,Denmark,2020,H5,381752
DNK,208,Denmark,2021,H5,416037
DMA,212,Dominica,2017,H3,25713
DMA,212,Dominica,2018,H3,28470
DMA,212,Dominica,2019,H3,29604
DMA,212,Dominica,2020,H5,25643
DMA,212,Dominica,2021,H3,27496
DOM,214,Dominican Rep.,2017,H5,946240
DOM,214,Dominican Rep.,2018,H5,2277415
DOM,214,Dominican Rep.,2019,H5,3655739
DOM,214,Dominican Rep.,2020,H5,3567369
DOM,214,Dominican Rep.,2021,H5,3339108
ECU,218,Ecuador,2017,H5,1691762
ECU,218,Ecuador,2018,H5,1756742
ECU,218,Ecuador,2019,H5,1893938
ECU,218,Ecuador,2020,H5,1651060
ECU,218,Ecuador,2021,H5,1964556
SLV,222,El Salvador,2017,H5,98977
SLV,222,El Salvador,2018,H5,96385
SLV,222,El Salvador,2019,H5,98139
SLV,222,El Salvador,2020,H5,92160
SLV,222,El Salvador,2021,H5,98939
ETH,231,Ethiopia,2017,H4,277183
ETH,231,Ethiopia,2018,H4,246158
ETH,231,Ethiopia,2019,H5,86672
ETH,231,Ethiopia,2020,H5,81921
ETH,231,Ethiopia,2021,H5,83025
EST,233,Estonia,2017,H5,3618436
EST,233,Estonia,2018,H5,3814810
EST,233,Estonia,2019,H5,4696797
EST,233,Estonia,2020,H5,4750388
EST,233,Estonia,2021,H5,5110996
FJI,242,Fiji,2017,H5,94542
FJI,242,Fiji,2018,H5,91546
FJI,242,Fiji,2019,H5,89226
FJI,242,Fiji,2020,H5,83367
FJI,242,Fiji,2021,H5,80558
FIN,246,Finland,2017,H5,3794502
FIN,246,Finland,2018,H5,3912455
FIN,246,Finland,2019,H5,931481
FIN,246,Finland,2020,H5,938884
FIN,246,Finland,2021,H5,1036225
FRA,251,France,2017,H5,6247283
FRA,251,France,2018,H5,5982757
FRA,251,France,2019,H5,6615023
FRA,251,France,2020,H5,6635432
FRA,251,France,2021,H5,7224484
PYF,258,French Polynesia,2017,H4,151505
PYF,258,French Polynesia,2018,H4,155286
PYF,258,French Polynesia,2019,H5,159238
PYF,258,French Polynesia,2020,H5,153890
PYF,258,French Polynesia,2021,H5,159507
DJI,262,Djibouti,2021,H3,23741
GAB,266,Gabon,2017,H3,60548
GAB,266,Gabon,2018,H3,68675
GAB,266,Gabon,2019,H3,69264
GAB,266,Gabon,2020,H5,65706
GAB,266,Gabon,2021,H5,68919
GEO,268,Georgia,2017,H5,539918
GEO,268,Georgia,2018,H5,552405
GEO,268,Georgia,2019,H5,568690
GEO,268,Georgia,2020,H5,521829
GEO,268,Georgia,2021,H5,554826
GMB,270,Gambia,2017,H4,113511
GMB,270,Gambia,2018,H4,121557
GMB,270,Gambia,2019,H4,25345
GMB,270,Gambia,2020,H4,118373
GMB,270,Gambia,2021,H5,28398
PSE,275,State of Palestine,2017,H4,43121
PSE,275,State of Palestine,2018,H4,45588
PSE,275,State of Palestine,2019,H4,46653
PSE,275,State of Palestine,2020,H4,45361
PSE,275,State of Palestine,2021,H4,46842
DEU,276,Germany,2017,H5,14832083
DEU,276,Germany,2018,H5,15308809
DEU,276,Germany,2019,H5,5077924
DEU,276,Germany,2020,H5,15741687
DEU,276,Germany,2021,H5,16398152
GHA,288,Ghana,2017,H4,121733
GHA,288,Ghana,2018,H5,121329
GHA,288,Ghana,2019,H5,1081616
GHA,288,Ghana,2021,H5,1426004
KIR,296,Kiribati,2017,H4,36979
KIR,296,Kiribati,2018,H4,37123
KIR,296,Kiribati,2020,H5,33726
KIR,296,Kiribati,2021,H5,17188
GRC,300,Greece,2017,H5,602081
GRC,300,Greece,2018,H5,622017
GRC,300,Greece,2019,H5,636021
GRC,300,Greece,2020,H5,623646
GRC,300,Greece,2021,H5,665195
GRL,304,Greenland,2017,H5,25068
GRL,304,Greenland,2018,H5,24683
GRD,308,Grenada,2017,H4,215317
GRD,308,Grenada,2018,H4,213938
GRD,308,Grenada,2019,H4,227785
GRD,308,Grenada,2020,H4,205618
GRD,308,Grenada,2021,H4,228131
GTM,320,Guatemala,2017,H5,118389
GTM,320,Guatemala,2018,H5,120045
GTM,320,Guatemala,2019,H5,119522
GTM,320,Guatemala,2020,H5,115444
GTM,320,Guatemala,2021,H5,132757
GUY,328,Guyana,2017,H3,218654
GUY,328,Guyana,2018,H3,246458
GUY,328,Guyana,2019,H5,299379
GUY,328,Guyana,2020,H5,248591
GUY,328,Guyana,2021,H5,272517
HTI,332,Haiti,2017,H4,43302
HND,340,Honduras,2017,H5,240691
HND,340,Honduras,2018,H5,91786
HND,340,Honduras,2019,H5,89884
HND,340,Honduras,2020,H5,84405
HND,340,Honduras,2021,H5,88999
HKG,344,"China, Hong Kong SAR",2017,H5,239755
HKG,344,"China, Hong Kong SAR",2018,H5,238864
HKG,344,"China, Hong Kong SAR",2019,H5,243259
HKG,344,"China, Hong Kong SAR",2020,H5,224653
HKG,344,"China, Hong Kong SAR",2021,H5,224673
HUN,348,Hungary,2017,H5,734988
HUN,348,Hungary,2018,H5,1566092
HUN,348,Hungary,2019,H5,1438557
HUN,348,Hungary,2020,H5,1435592
HUN,348,Hungary,2021,H5,1482479
ISL,352,Iceland,2017,H5,110233
ISL,352,Iceland,2018,H5,113961
ISL,352,Iceland,2019,H5,113094
ISL,352,Iceland,2020,H5,124480
ISL,352,Iceland,2021,H5,137567
IDN,360,Indonesia,2017,H5,255026
IDN,360,Indonesia,2018,H5,263741
IDN,360,Indonesia,2019,H5,269315
IDN,360,Indonesia,2020,H5,269295
IDN,360,Indonesia,2021,H5,631860
IRN,364,Iran,2017,H5,94396
IRN,364,Iran,2018,H5,87318
IRN,364,Iran,2019,H5,77302
IRN,364,Iran,2020,H5,71613
IRN,364,Iran,2021,H5,75288
IRQ,368,Iraq,2021,H2,17689
IRL,372,Ireland,2017,H5,202009
IRL,372,Ireland,2018,H5,207558
IRL,372,Ireland,2019,H5,213141
IRL,372,Ireland,2020,H5,220574
IRL,372,Ireland,2021,H5,292873
ISR,376,Israel,2017,H5,176319
ISR,376,Israel,2018,H5,175875
ISR,376,Israel,2019,H5,176361
ISR,376,Israel,2020,H5,175319
ISR,376,Israel,2021,H5,184302
ITA,380,Italy,2017,H5,1245527
ITA,380,Italy,2018,H5,1236385
ITA,380,Italy,2019,H5,1263106
ITA,380,Italy,2020,H5,1225804
ITA,380,Italy,2021,H5,1258852
CIV,384,Côte d'Ivoire,2017,H4,269977
CIV,384,Côte d'Ivoire,2018,H5,273105
CIV,384,Côte d'Ivoire,2019,H5,279556
CIV,384,Côte d'Ivoire,2020,H5,110645
CIV,384,Côte d'Ivoire,2021,H5,118875
JAM,388,Jamaica,2017,H4,82291
JAM,388,Jamaica,2018,H5,134367
JAM,388,Jamaica,2019,H5,136525
JAM,388,Jamaica,2020,H5,131287
JAM,388,Jamaica,2021,H5,126172
JPN,392,Japan,2017,H5,300482
JPN,392,Japan,2018,H5,301071
JPN,392,Japan,2019,H5,299317
JPN,392,Japan,2020,H5,287173
JPN,392,Japan,2021,H5,292269
KAZ,398,Kazakhstan,2017,H5,129293
KAZ,398,Kazakhstan,2018,H5,343865
KAZ,398,Kazakhstan,2019,H5,345424
KAZ,398,Kazakhstan,2020,H5,198390
KAZ,398,Kazakhstan,2021,H5,203951
JOR,400,Jordan,2017,H5,279706
JOR,400,Jordan,2018,H5,99220
JOR,400,Jordan,2019,H5,108937
JOR,400,Jordan,2020,H5,90955
JOR,400,Jordan,2021,H5,97637
KEN,404,Kenya,2017,H4,171146
KEN,404,Kenya,2018,H4,171605
KEN,404,Kenya,2019,H5,122546
KEN,404,Kenya,2020,H5,426126
KEN,404,Kenya,2021,H5,197864
KOR,410,Rep. of Korea,2017,H5,384979
KOR,410,Rep. of Korea,2018,H5,387725
KOR,410,Rep. of Korea,2019,H5,391697
KOR,410,Rep. of Korea,2020,H5,389542
KOR,410,Rep. of Korea,2021,H5,398291
KWT,414,Kuwait,2017,H5,1520878
KWT,414,Kuwait,2018,H5,365109
KWT,414,Kuwait,2019,H5,169294
KWT,414,Kuwait,2020,H5,151865
KWT,414,Kuwait,2021,H5,159241
KGZ,417,Kyrgyzstan,2017,H5,136376
KGZ,417,Kyrgyzstan,2018,H5,132259
KGZ,417,Kyrgyzstan,2019,H5,131942
KGZ,417,Kyrgyzstan,2020,H5,114754
KGZ,417,Kyrgyzstan,2021,H5,129406
LAO,418,Lao People's Dem. Rep.,2017,H5,27716
LAO,418,Lao People's Dem. Rep.,2018,H5,29750
LAO,418,Lao People's Dem. Rep.,2019,H5,191539
LAO,418,Lao People's Dem. Rep.,2020,H5,74797
LAO,418,Lao People's Dem. Rep.,2021,H5,42171
LBN,422,Lebanon,2017,H4,205474
LBN,422,Lebanon,2018,H4,202405
LBN,422,Lebanon,2019,H5,138898
LBN,422,Lebanon,2020,H5,123944
LBN,422,Lebanon,2021,H5,133020
LSO,426,Lesotho,2017,H5,342800
LSO,426,Lesotho,2018,H5,474129
LSO,426,Lesotho,2019,H4,391899
LSO,426,Lesotho,2020,H5,364764
LSO,426,Lesotho,2021,H5,166161
LVA,428,Latvia,2017,H5,1124991
LVA,428,Latvia,2018,H5,1135107
LVA,428,Latvia,2019,H5,1170874
LVA,428,Latvia,2020,H5,1198728
LVA,428,Latvia,2021,H5,1275341
LBR,430,Liberia,2017,H5,37740
LBR,430,Liberia,2018,H5,36385
LBR,430,Liberia,2019,H5,34358
LBR,430,Liberia,2020,H5,31139
LBR,430,Liberia,2021,H5,34361
LBY,434,Libya,2017,H2,34170
LBY,434,Libya,2018,H2,37832
LBY,434,Libya,2019,H5,44889
LTU,440,Lithuania,2017,H5,221976
LTU,440,Lithuania,2018,H5,229430
LTU,440,Lithuania,2019,H5,234790
LTU,440,Lithuania,2020,H5,237110
LTU,440,Lithuania,2021,H5,248687
LUX,442,Luxembourg,2017,H5,290783
LUX,442,Luxembourg,2018,H5,1922834
LUX,442,Luxembourg,2019,H5,6138804
LUX,442,Luxembourg,2020,H5,6378134
LUX,442,Luxembourg,2021,H5,6820029
MAC,446,"China, Macao SAR",2017,H5,102457
MAC,446,"China, Macao SAR",2018,H5,106642
MAC,446,"China, Macao SAR",2019,H5,93422
MAC,446,"China, Macao SAR",2020,H5,97439
MAC,446,"China, Macao SAR",2021,H5,128642
MDG,450,Madagascar,2017,H5,212404
MDG,450,Madagascar,2018,H5,194807
MDG,450,Madagascar,2019,H5,195672
MDG,450,Madagascar,2020,H5,1194902
MDG,450,Madagascar,2021,H5,1251986
MWI,454,Malawi,2017,H4,136039
MWI,454,Malawi,2018,H4,142632
MWI,454,Malawi,2019,H5,142550
MWI,454,Malawi,2020,H5,130421
MWI,454,Malawi,2021,H5,145888
MYS,458,Malaysia,2017,H5,642262
MYS,458,Malaysia,2018,H5,643475
MYS,458,Malaysia,2019,H5,637360
MYS,458,Malaysia,2020,H5,609387
MYS,458,Malaysia,2021,H5,610672
MDV,462,Maldives,2017,H5,58035
MDV,462,Maldives,2018,H5,326706
MDV,462,Maldives,2019,H5,63903
MDV,462,Maldives,2020,H5,56213
MDV,462,Maldives,2021,H5,354140
MLI,466,Mali,2017,H4,42809
MLI,466,Mali,2018,H5,44703
MLI,466,Mali,2019,H5,48417
MLI,466,Mali,2020,H5,47212
MLI,466,Mali,2021,H5,49380
MLT,470,Malta,2017,H5,719857
MLT,470,Malta,2018,H5,696461
MLT,470,Malta,2019,H5,1729208
MLT,470,Malta,2020,H5,829666
MLT,470,Malta,2021,H5,880014
MRT,478,Mauritania,2017,H4,18531
MRT,478,Mauritania,2018,H4,18564
MRT,478,Mauritania,2019,H4,20533
MRT,478,Mauritania,2020,H5,51079
MRT,478,Mauritania,2021,H5,22978
MUS,480,Mauritius,2017,H5,98199
MUS,480,Mauritius,2018,H5,264171
MUS,480,Mauritius,2019,H5,590427
MUS,480,Mauritius,2020,H5,526295
MUS,480,Mauritius,2021,H5,556678
MEX,484,Mexico,2017,H4,470028
MEX,484,Mexico,2018,H4,473035
MEX,484,Mexico,2019,H4,941872
MEX,484,Mexico,2020,H4,442794
MEX,484,Mexico,2021,H5,339229
S19,490,"Other Asia, nes",2017,H5,325334
S19,490,"Other Asia, nes",2018,H5,323562
S19,490,"Other Asia, nes",2019,H5,306367
S19,490,"Other Asia, nes",2020,H5,301085
S19,490,"Other Asia, nes",2021,H5,298826
MNG,496,Mongolia,2017,H5,330333
MNG,496,Mongolia,2018,H5,341142
MNG,496,Mongolia,2019,H5,508964
MNG,496,Mongolia,2020,H5,154511
MNG,496,Mongolia,2021,H5,168110
MDA,498,Rep. of Moldova,2017,H4,1620170
MDA,498,Rep. of Moldova,2018,H4,1701534
MDA,498,Rep. of Moldova,2019,H4,1765489
MDA,498,Rep. of Moldova,2020,H5,1749426
MDA,498,Rep. of Moldova,2021,H5,1863529
MNE,499,Montenegro,2017,H5,1312796
MNE,499,Montenegro,2018,H5,1334239
MNE,499,Montenegro,2019,H5,1467226
MNE,499,Montenegro,2020,H5,1250913
MNE,499,Montenegro,2021,H5,1334308
MSR,500,Montserrat,2017,H3,15715
MSR,500,Montserrat,2018,H3,16095
MSR,500,Montserrat,2019,H3,15758
MSR,500,Montserrat,2020,H3,15577
MSR,500,Montserrat,2021,H5,17340
MAR,504,Morocco,2017,H5,151320
MAR,504,Morocco,2018,H5,153011
MAR,504,Morocco,2019,H5,155837
MAR,504,Morocco,2020,H5,147637
MAR,504,Morocco,2021,H5,153191
MOZ,508,Mozambique,2017,H5,937604
MOZ,508,Mozambique,2018,H5,1157462
MOZ,508,Mozambique,2019,H5,1142050
MOZ,508,Mozambique,2020,H5,1035877
MOZ,508,Mozambique,2021,H5,1118196
OMN,512,Oman,2017,H5,131910
OMN,512,Oman,2018,H5,144981
OMN,512,Oman,2019,H5,152032
OMN,512,Oman,2020,H5,156518
OMN,512,Oman,2021,H5,165700
NAM,516,Namibia,2017,H5,411962
NAM,516,Namibia,2018,H5,171376
NAM,516,Namibia,2019,H5,887429
NAM,516,Namibia,2020,H5,854274
NAM,516,Namibia,2021,H5,922150
NPL,524,Nepal,2017,H4,53744
NPL,524,Nepal,2018,H4,55307
NPL,524,Nepal,2019,H5,56460
NPL,524,Nepal,2020,H5,55559
NPL,524,Nepal,2021,H5,62721
NLD,528,Netherlands,2017,H5,682385
NLD,528,Netherlands,2018,H5,694076
NLD,528,Netherlands,2019,H5,705953
NLD,528,Netherlands,2020,H5,701567
NLD,528,Netherlands,2021,H5,731777
CUW,531,Curaçao,2017,H4,43004
CUW,531,Curaçao,2018,H4,43562
CUW,531,Curaçao,2019,H4,42920
CUW,531,Curaçao,2020,H4,39998
ABW,533,Aruba,2017,H4,31533
ABW,533,Aruba,2018,H4,31323
ABW,533,Aruba,2019,H4,31261
ABW,533,Aruba,2020,H4,29738
ABW,533,Aruba,2021,H4,30973
NZL,554,New Zealand,2017,H5,843063
NZL,554,New Zealand,2018,H5,354768
NZL,554,New Zealand,2019,H5,353519
NZL,554,New Zealand,2020,H5,339874
NZL,554,New Zealand,2021,H5,342811
NIC,558,Nicaragua,2017,H5,225536
NIC,558,Nicaragua,2018,H5,81588
NIC,558,Nicaragua,2019,H5,78290
NIC,558,Nicaragua,2020,H5,77338
NIC,558,Nicaragua,2021,H5,79239
NER,562,Niger,2017,H4,33926
NER,562,Niger,2018,H5,32707
NER,562,Niger,2019,H5,33767
NER,562,Niger,2020,H5,32039
NER,562,Niger,2021,H5,33409
NGA,566,Nigeria,2017,H4,143840
NGA,566,Nigeria,2018,H4,361542
NGA,566,Nigeria,2019,H4,82158
NGA,566,Nigeria,2020,H4,182500
NGA,566,Nigeria,2021,H4,205764
NOR,579,Norway,2017,H5,1016095
NOR,579,Norway,2018,H5,1034206
NOR,579,Norway,2019,H5,1061767
NOR,579,Norway,2020,H5,1059666
NOR,579,Norway,2021,H5,1112844
PLW,585,Palau,2017,H4,63864
PLW,585,Palau,2018,H5,25706
PAK,586,Pakistan,2017,H5,303609
PAK,586,Pakistan,2018,H5,299872
PAK,586,Pakistan,2019,H5,291028
PAK,586,Pakistan,2020,H5,274509
PAK,586,Pakistan,2021,H5,281850
PAN,591,Panama,2017,H5,221362
PAN,591,Panama,2018,H5,219516
PAN,591,Panama,2019,H5,220240
PAN,591,Panama,2020,H5,201570
PAN,591,Panama,2021,H5,76360
PNG,598,Papua New Guinea,2019,H5,60787
PNG,598,Papua New Guinea,2020,H5,56335
PNG,598,Papua New Guinea,2021,H5,58079
PRY,600,Paraguay,2017,H5,210172
PRY,600,Paraguay,2018,H5,216705
PRY,600,Paraguay,2019,H5,222106
PRY,600,Paraguay,2020,H5,214446
PRY,600,Paraguay,2021,H5,223842
PER,604,Peru,2017,H5,1310121
PER,604,Peru,2018,H5,1315859
PER,604,Peru,2019,H5,1365490
PER,604,Peru,2020,H5,141396
PER,604,Peru,2021,H5,148451
PHL,608,Philippines,2017,H4,151434
PHL,608,Philippines,2018,H4,153238
PHL,608,Philippines,2019,H5,159921
PHL,608,Philippines,2020,H5,147259
PHL,608,Philippines,2021,H5,166708
POL,616,Poland,2017,H5,439067
POL,616,Poland,2018,H5,452735
POL,616,Poland,2019,H5,444981
POL,616,Poland,2020,H5,454783
POL,616,Poland,2021,H5,470827
PRT,620,Portugal,2017,H5,2483841
PRT,620,Portugal,2018,H5,2655158
PRT,620,Portugal,2019,H5,6226820
PRT,620,Portugal,2020,H5,5794566
PRT,620,Portugal,2021,H5,6386275
GNB,624,Guinea-Bissau,2017,H4,12090
GNB,624,Guinea-Bissau,2018,H5,12693
TLS,626,Timor-Leste,2017,H2,59915
TLS,626,Timor-Leste,2018,H2,23626
TLS,626,Timor-Leste,2019,H2,25111
TLS,626,Timor-Leste,2020,H5,27605
TLS,626,Timor-Leste,2021,H5,28656
QAT,634,Qatar,2017,H4,151565
QAT,634,Qatar,2018,H4,63851
QAT,634,Qatar,2019,H4,62294
QAT,634,Qatar,2020,H5,52925
QAT,634,Qatar,2021,H5,54833
ROU,642,Romania,2017,H5,729466
ROU,642,Romania,2018,H5,890427
ROU,642,Romania,2019,H5,903545
ROU,642,Romania,2020,H5,892315
ROU,642,Romania,2021,H5,2019413
RUS,643,Russian Federation,2017,H5,615200
RUS,643,Russian Federation,2018,H5,1261868
RUS,643,Russian Federation,2019,H5,321203
RUS,643,Russian Federation,2020,H5,311819
RUS,643,Russian Federation,2021,H5,328657
RWA,646,Rwanda,2017,H4,144747
RWA,646,Rwanda,2018,H5,162099
RWA,646,Rwanda,2019,H4,74319
RWA,646,Rwanda,2020,H4,71025
RWA,646,Rwanda,2021,H4,79906
KNA,659,Saint Kitts and Nevis,2017,H3,155767
LCA,662,Saint Lucia,2017,H4,43565
LCA,662,Saint Lucia,2018,H4,43191
LCA,662,Saint Lucia,2019,H4,43980
LCA,662,Saint Lucia,2020,H4,41288
VCT,670,Saint Vincent and the Grenadines,2017,H3,37882
VCT,670,Saint Vincent and the Grenadines,2018,H3,38685
VCT,670,Saint Vincent and the Grenadines,2019,H3,35865
VCT,670,Saint Vincent and the Grenadines,2020,H3,38891
VCT,670,Saint Vincent and the Grenadines,2021,H3,91872
STP,678,Sao Tome and Principe,2017,H3,93099
STP,678,Sao Tome and Principe,2018,H3,97693
STP,678,Sao Tome and Principe,2019,H3,97954
STP,678,Sao Tome and Principe,2020,H3,87409
STP,678,Sao Tome and Principe,2021,H3,91784
SAU,682,Saudi Arabia,2017,H4,126238
SAU,682,Saudi Arabia,2018,H4,260632
SAU,682,Saudi Arabia,2019,H4,263447
SAU,682,Saudi Arabia,2020,H4,248218
SAU,682,Saudi Arabia,2021,H5,255003
SEN,686,Senegal,2017,H4,70053
SEN,686,Senegal,2018,H4,153008
SEN,686,Senegal,2019,H5,159460
SEN,686,Senegal,2020,H5,72115
SEN,686,Senegal,2021,H5,172126
SRB,688,Serbia,2017,H5,3335602
SRB,688,Serbia,2018,H5,3758888
SRB,688,Serbia,2019,H5,3456848
SRB,688,Serbia,2020,H5,3598111
SRB,688,Serbia,2021,H5,3826456
SYC,690,Seychelles,2017,H3,266643
SYC,690,Seychelles,2018,H5,322579
SYC,690,Seychelles,2019,H5,335322
SYC,690,Seychelles,2020,H5,142373
SYC,690,Seychelles,2021,H5,153913
SLE,694,Sierra Leone,2017,H3,155450
SLE,694,Sierra Leone,2018,H4,63390
IND,699,India,2017,H5,490851
IND,699,India,2018,H5,520860
IND,699,India,2019,H5,526744
IND,699,India,2020,H5,498108
IND,699,India,2021,H5,516876
SGP,702,Singapore,2017,H4,340556
SGP,702,Singapore,2018,H5,355169
SGP,702,Singapore,2019,H5,353595
SGP,702,Singapore,2020,H5,337313
SGP,702,Singapore,2021,H5,341214
SVK,703,Slovakia,2017,H5,3651385
SVK,703,Slovakia,2018,H5,4367287
SVK,703,Slovakia,2019,H5,3943771
SVK,703,Slovakia,2020,H5,4655278
SVK,703,Slovakia,2021,H5,4297674
VNM,704,Viet Nam,2017,H4,223953
VNM,704,Viet Nam,2018,H5,203494
VNM,704,Viet Nam,2019,H5,205732
VNM,704,Viet Nam,2020,H5,203580
VNM,704,Viet Nam,2021,H5,203018
SVN,705,Slovenia,2017,H5,3887214
SVN,705,Slovenia,2018,H5,1951136
SVN,705,Slovenia,2019,H5,4072815
SVN,705,Slovenia,2020,H5,4096898
SVN,705,Slovenia,2021,H5,4536922
ZAF,710,South Africa,2017,H5,2942806
ZAF,710,South Africa,2018,H5,3104689
ZAF,710,South Africa,2019,H5,3095627
ZAF,710,South Africa,2020,H5,2717772
ZAF,710,South Africa,2021,H5,2841437
ZWE,716,Zimbabwe,2017,H4,50548
ZWE,716,Zimbabwe,2018,H5,54198
ZWE,716,Zimbabwe,2019,H5,52608
ZWE,716,Zimbabwe,2020,H5,150224
ZWE,716,Zimbabwe,2021,H5,62436
ESP,724,Spain,2017,H5,19988247
ESP,724,Spain,2018,H5,18882652
ESP,724,Spain,2019,H5,19405482
ESP,724,Spain,2020,H5,18869048
ESP,724,Spain,2021,H5,20134700
SDN,729,Sudan,2017,H5,50059
SDN,729,Sudan,2018,H5,138812
SUR,740,Suriname,2017,H3,165146
SUR,740,Suriname,2018,H3,158939
SUR,740,Suriname,2019,H3,170633
SUR,740,Suriname,2020,H3,173982
SUR,740,Suriname,2021,H3,205569
SWZ,748,Eswatini,2017,H5,83567
SWZ,748,Eswatini,2018,H5,89591
SWZ,748,Eswatini,2019,H5,90357
SWZ,748,Eswatini,2020,H5,39822
SWZ,748,Eswatini,2021,H5,84691
SWE,752,Sweden,2017,H5,2215532
SWE,752,Sweden,2018,H5,2243254
SWE,752,Sweden,2019,H5,1805475
SWE,752,Sweden,2020,H5,1798808
SWE,752,Sweden,2021,H5,2022369
CHE,757,Switzerland,2017,H5,4980088
CHE,757,Switzerland,2018,H5,5046001
CHE,757,Switzerland,2019,H5,5049942
CHE,757,Switzerland,2020,H5,4963809
CHE,757,Switzerland,2021,H5,3879055
TJK,762,Tajikistan,2017,H4,35045
TJK,762,Tajikistan,2018,H4,36764
TJK,762,Tajikistan,2019,H4,37575
TJK,762,Tajikistan,2020,H4,34103
TJK,762,Tajikistan,2021,H4,38501
THA,764,Thailand,2017,H5,2034963
THA,764,Thailand,2018,H5,2082002
THA,764,Thailand,2019,H5,9320320
THA,764,Thailand,2020,H5,9036625
THA,764,Thailand,2021,H5,9052739
TGO,768,Togo,2017,H4,67069
TGO,768,Togo,2018,H5,151767
TGO,768,Togo,2019,H5,161508
TGO,768,Togo,2020,H5,172084
TGO,768,Togo,2021,H5,184862
TON,776,Tonga,2017,H4,23277
TON,776,Tonga,2018,H5,20431
TON,776,Tonga,2019,H5,25941
TON,776,Tonga,2020,H5,24527
TON,776,Tonga,2021,H5,25510
TTO,780,Trinidad and Tobago,2017,H4,276495
TTO,780,Trinidad and Tobago,2018,H4,279682
TTO,780,Trinidad and Tobago,2019,H4,285994
TTO,780,Trinidad and Tobago,2020,H4,261770
TTO,780,Trinidad and Tobago,2021,H4,262119
ARE,784,United Arab Emirates,2017,H4,677582
ARE,784,United Arab Emirates,2018,H5,741727
ARE,784,United Arab Emirates,2019,H5,779188
ARE,784,United Arab Emirates,2020,H5,769276
ARE,784,United Arab Emirates,2021,H5,836747
TUN,788,Tunisia,2017,H4,114495
TUN,788,Tunisia,2018,H5,114953
TUN,788,Tunisia,2019,H5,114634
TUN,788,Tunisia,2020,H5,111532
TUN,788,Tunisia,2021,H5,112308
TUR,792,Türkiye,2017,H5,9352799
TUR,792,Türkiye,2018,H5,9544752
TUR,792,Türkiye,2019,H5,9703215
TUR,792,Türkiye,2020,H5,10789619
TUR,792,Türkiye,2021,H5,12324010
UGA,800,Uganda,2017,H4,1408701
UGA,800,Uganda,2018,H5,176894
UGA,800,Uganda,2019,H5,82817
UGA,800,Uganda,2020,H5,197206
UGA,800,Uganda,2021,H5,84165
UKR,804,Ukraine,2017,H4,945742
UKR,804,Ukraine,2018,H4,986361
UKR,804,Ukraine,2019,H4,1070823
UKR,804,Ukraine,2020,H5,1098873
UKR,804,Ukraine,2021,H5,1157146
MKD,807,North Macedonia,2017,H5,747683
MKD,807,North Macedonia,2018,H5,259669
MKD,807,North Macedonia,2019,H5,265410
MKD,807,North Macedonia,2020,H5,251399
MKD,807,North Macedonia,2021,H5,259275
EGY,818,Egypt,2017,H4,141174
EGY,818,Egypt,2018,H4,148969
EGY,818,Egypt,2019,H4,145388
EGY,818,Egypt,2020,H4,153523
EGY,818,Egypt,2021,H4,164188
GBR,826,United Kingdom,2017,H5,6918624
GBR,826,United Kingdom,2018,H5,1156684
GBR,826,United Kingdom,2019,H5,7076136
GBR,826,United Kingdom,2020,H5,6634736
GBR,826,United Kingdom,2021,H5,5837068
TZA,834,United Rep. of Tanzania,2017,H5,102343
TZA,834,United Rep. of Tanzania,2018,H5,104749
TZA,834,United Rep. of Tanzania,2019,H5,136623
TZA,834,United Rep. of Tanzania,2020,H5,128356
TZA,834,United Rep. of Tanzania,2021,H5,136974
USA,842,USA,2017,H5,1197848
USA,842,USA,2018,H5,1202122
USA,842,USA,2019,H5,1192197
USA,842,USA,2020,H5,1140043
USA,842,USA,2021,H5,1165875
BFA,854,Burkina Faso,2017,H5,46116
BFA,854,Burkina Faso,2018,H5,47774
BFA,854,Burkina Faso,2019,H5,45148
BFA,854,Burkina Faso,2020,H5,44201
BFA,854,Burkina Faso,2021,H5,45797
URY,858,Uruguay,2017,H5,465936
URY,858,Uruguay,2018,H5,478827
URY,858,Uruguay,2019,H5,468242
URY,858,Uruguay,2020,H5,448953
URY,858,Uruguay,2021,H5,463202
UZB,860,Uzbekistan,2017,H4,129479
UZB,860,Uzbekistan,2018,H5,143941
UZB,860,Uzbekistan,2019,H5,158123
UZB,860,Uzbekistan,2020,H5,164406
UZB,860,Uzbekistan,2021,H5,176741
WSM,882,Samoa,2017,H4,24683
WSM,882,Samoa,2018,H4,65789
WSM,882,Samoa,2019,H4,25097
WSM,882,Samoa,2021,H5,57371
YEM,887,Yemen,2018,H5,21027
YEM,887,Yemen,2019,H5,24577
ZMB,894,Zambia,2017,H5,1088051
ZMB,894,Zambia,2018,H5,1185331
ZMB,894,Zambia,2019,H5,1235091
ZMB,894,Zambia,2020,H5,1240543
ZMB,894,Zambia,2021,H5,1281980
R4,975,ASEAN,2017,H5,1616851
R4,975,ASEAN,2018,H5,1610587
R4,975,ASEAN,2019,H5,1648608
R4,975,ASEAN,2020,H5,1574415
R4,975,ASEAN,2021,H5,1593569
