iso3,year,imports_from_vn_usd,vn_reported_exports_usd
ABW,2002,0,442784.0
ABW,2003,0,53499.0
ABW,2005,0,88012.0
ABW,2006,25394.0,0
ABW,2008,210228.0,0
AFG,2005,0,1250624.0
AFG,2008,10183910.0,0
AFG,2009,1644916.0,0
AFG,2010,8535996.0,0
AFG,2011,18302667.0,0
AFG,2013,0,83279063.0
AFG,2015,53373520.0,0
AFG,2016,57734429.0,0
AFG,2017,61092972.44,0
AFG,2018,64908881.44,0
AFG,2019,74361805.08,0
AGO,2002,0,20568014.0
AGO,2003,0,27960998.0
AGO,2004,24689787.59,34845117.0
AGO,2005,58127532.28,76189285.0
AGO,2006,71475447.46,60281657.0
AGO,2007,61577590.02,49357684.0
AGO,2008,145860466.52,143823577.0
AGO,2009,113797075.8,89197874.0
AGO,2010,117208807.21,111159330.0
AGO,2011,78594662.0,68060284.0
AGO,2012,158178796.0,115785295.0
AGO,2013,147432624.46,124573207.0
AGO,2014,71058015.35,81431595.0
AGO,2015,43701588.16,46278410.0
AGO,2016,40626543.78,38735684.0
AGO,2017,44587958.9,37603973.6
AGO,2018,25758327.52,39987291.14
AGO,2019,24561141.34,42685244.09
AGO,2020,14803401.95,19254628.77
AGO,2021,9011286.72,16651643.05
ALB,2002,16411.0,802111.0
ALB,2003,0,413830.0
ALB,2004,109557.0,559067.0
ALB,2005,1156735.0,2815934.0
ALB,2006,1175612.0,3727863.0
ALB,2007,1615899.0,3902666.0
ALB,2008,3208996.0,5812792.0
ALB,2009,4078597.0,5542198.0
ALB,2010,3365258.0,3261264.0
ALB,2011,6944839.0,0
ALB,2012,5810530.0,0
ALB,2013,8405832.0,0
ALB,2014,9877097.0,0
ALB,2015,14189951.0,0
ALB,2016,14833752.0,0
ALB,2017,19640712.04,0
ALB,2018,21815852.32,0
ALB,2019,18815301.72,0
ALB,2020,21046462.2,0
ALB,2021,24675107.75,0
AND,2002,983092.0,334814.0
AND,2003,1017943.0,0
AND,2004,2389276.0,0
AND,2005,0,6317.0
AND,2006,1593050.87,9344.0
AND,2007,2902446.31,0
AND,2008,3582991.88,0
AND,2009,4667800.24,0
AND,2010,5149780.53,0
AND,2011,6031545.95,0
AND,2012,4641018.22,0
AND,2013,5812766.49,0
AND,2014,7391189.94,352.0
AND,2015,7109976.58,36835418.0
AND,2016,7220227.56,17511468.84
AND,2017,7855020.48,22074283.3
AND,2018,8775774.47,0
AND,2019,8325940.21,0
AND,2020,4678440.29,0
AND,2021,6475798.46,0
ARE,2002,33659297.0,41209483.0
ARE,2003,40970482.0,65992751.0
ARE,2004,63929162.0,93581116.0
ARE,2005,85191527.0,121545430.0
ARE,2006,116764112.0,140572309.0
ARE,2007,171859139.0,234048313.0
ARE,2008,261187355.0,357572897.0
ARE,2009,359382787.0,360079684.0
ARE,2010,338583631.0,508284689.0
ARE,2011,448941762.0,921974816.0
ARE,2012,3622025432.0,2078323115.0
ARE,2013,1163129835.47,4138413190.0
ARE,2014,1832262537.69,4626998924.0
ARE,2015,2378507287.01,5690916060.0
ARE,2016,2642225399.94,4999552550.55
ARE,2017,9712195280.05,5026907572.5
ARE,2018,7666152225.86,5225283374.16
ARE,2019,7194113878.35,4785303281.67
ARE,2020,5852131337.92,3916799528.97
ARE,2021,7601250375.91,4692459910.86
ARG,2002,2546448.0,1391426.0
ARG,2003,6085410.0,5695628.0
ARG,2004,11608462.0,8735297.0
ARG,2005,16009115.0,16578320.0
ARG,2006,44679513.0,30810692.0
ARG,2007,51731440.0,49788829.0
ARG,2008,96472832.0,73727379.0
ARG,2009,76114606.0,55935248.0
ARG,2010,111269274.0,91554407.0
ARG,2011,190115784.0,148853870.0
ARG,2012,155511472.0,166826584.0
ARG,2013,199734171.0,191731598.0
ARG,2014,196982617.84,174000021.0
ARG,2015,333879123.26,377620855.0
ARG,2016,350268706.98,368616899.86
ARG,2017,621809609.97,481211682.5
ARG,2018,636538422.84,401097046.53
ARG,2019,658495999.8,554281282.11
ARG,2020,754494536.72,566403078.28
ARG,2021,1184385823.22,832108567.63
ARM,2002,2923023.0,1059892.0
ARM,2003,61873.0,1515838.0
ARM,2004,279380.0,757930.0
ARM,2005,805764.0,1172014.0
ARM,2006,4324318.0,787172.0
ARM,2007,9924138.0,1813590.0
ARM,2008,10282961.0,2885804.0
ARM,2009,7943568.0,2805215.0
ARM,2010,9863756.0,5164323.0
ARM,2011,10171003.0,0
ARM,2012,16916231.0,10134129.0
ARM,2013,14459883.0,73200.0
ARM,2014,19869835.0,21492800.0
ARM,2015,14831237.0,0
ARM,2016,24349244.0,0
ARM,2017,34726158.98,0
ARM,2018,46331959.67,0
ARM,2019,58258115.5,0
ARM,2020,31915878.62,0
ARM,2021,36525485.62,0
ATG,2002,0,389755.0
ATG,2003,0,411240.0
ATG,2005,8608.0,364974.0
ATG,2006,109071.0,0
ATG,2007,22160.0,0
ATG,2009,184239.0,0
ATG,2010,202323.0,0
ATG,2011,291654.0,0
ATG,2012,345623.0,0
ATG,2013,284030.0,0
ATG,2014,374274.0,0
ATG,2015,717152.0,0
ATG,2016,737594.0,0
ATG,2017,724108.86,0
ATG,2018,965765.17,0
ATG,2019,848236.69,0
ATG,2020,1656080.56,0
ATG,2021,947416.3,0
AUS,2002,1308110898.0,1328332605.0
AUS,2003,1603544190.0,1420863388.0
AUS,2004,1938897499.0,1884738277.0
AUS,2005,2727497414.0,2722591956.0
AUS,2006,3920750729.0,3688926715.0
AUS,2007,3968043307.0,3802212697.0
AUS,2008,4591017957.0,4351579846.0
AUS,2009,2562507851.0,2386092467.0
AUS,2010,2979042723.0,2704003540.0
AUS,2011,2916414824.0,2601965229.0
AUS,2012,3263306639.0,3208732853.0
AUS,2013,3665514118.0,3488123369.0
AUS,2014,4462048058.0,3988213779.0
AUS,2015,3354368393.0,2905591718.0
AUS,2016,3332260132.0,2864858060.52
AUS,2017,3944661983.86,3271003401.9
AUS,2018,4631876515.1,3965869089.34
AUS,2019,4263851615.72,3495325162.14
AUS,2020,4426674821.04,3622276263.38
AUS,2021,5373412353.82,4454672936.98
AUT,2002,83972349.0,29748224.0
AUT,2003,105230447.0,38136770.0
AUT,2004,143928095.0,59544542.0
AUT,2005,185391028.0,88898982.0
AUT,2006,236927016.0,97476941.0
AUT,2007,306902597.0,112137607.0
AUT,2008,383693411.0,108730847.0
AUT,2009,293503157.0,103386158.0
AUT,2010,337928879.0,144022674.0
AUT,2011,474418667.0,461537115.0
AUT,2012,535383136.48,1065231610.0
AUT,2013,626990370.95,1905046785.0
AUT,2014,781892485.61,2158772724.0
AUT,2015,774406942.68,2188698880.0
AUT,2016,840455681.47,2631290421.33
AUT,2017,961231350.77,3705272826.2
AUT,2018,969008884.16,4078873211.29
AUT,2019,1114871776.23,3265952692.99
AUT,2020,1102010042.63,2882272731.74
AUT,2021,1426214789.03,3022162319.44
AZE,2002,6055.0,20228.0
AZE,2003,475625.0,75086.0
AZE,2004,521484.0,75491.0
AZE,2005,983805.0,681350.0
AZE,2006,63956.0,379752.0
AZE,2007,340854.0,1125002.0
AZE,2008,3322289.0,2191355.0
AZE,2009,5140484.0,0
AZE,2010,1138170.0,2130949.0
AZE,2011,1371072.0,0
AZE,2012,3305707.0,24187264.0
AZE,2013,5205786.0,56884282.0
AZE,2014,4390346.0,73590210.0
AZE,2015,9701459.94,34216086.0
AZE,2016,27197069.82,5138595.05
AZE,2017,46036757.85,1318719.2
AZE,2018,66578112.33,2484730.92
AZE,2019,81773571.57,2022859.58
AZE,2020,80551270.02,3653396.29
AZE,2021,112699485.66,1747225.59
BDI,2002,0,149362.0
BDI,2003,0,131975.0
BDI,2004,0,271595.0
BDI,2005,586709.0,728600.0
BDI,2006,777910.0,3392668.0
BDI,2007,163276.0,701716.0
BDI,2009,651601.0,0
BDI,2010,493999.38,5057651.0
BDI,2011,6089366.0,0
BDI,2012,3195219.0,0
BDI,2013,1799231.0,0
BDI,2014,16405570.0,17524694.0
BDI,2015,20995242.0,0
BDI,2016,5185563.0,0
BDI,2017,2068304.74,0
BDI,2018,2395859.73,0
BDI,2019,13902252.98,0
BDI,2020,4873611.12,0
BDI,2021,3323257.51,0
BEL,2002,468397441.0,337115065.0
BEL,2003,561124834.0,391357277.0
BEL,2004,680583876.0,515730576.0
BEL,2005,768212923.0,544074528.0
BEL,2006,907380789.0,687487695.0
BEL,2007,1076171810.0,849028850.0
BEL,2008,1339168589.0,1019165471.0
BEL,2009,933004273.0,831712622.0
BEL,2010,372878578.93,848838090.0
BEL,2011,451788271.27,1199694282.0
BEL,2012,412900480.02,1146718655.0
BEL,2013,482515794.91,1323340023.0
BEL,2014,514039071.21,1805539095.0
BEL,2015,523918000.92,1779487078.0
BEL,2016,510702986.99,1967240011.06
BEL,2017,624537483.84,2250572313.4
BEL,2018,756550393.39,2410477848.12
BEL,2019,719086157.36,2552275643.81
BEL,2020,592735110.6,2313678776.92
BEL,2021,837326666.31,3604253565.08
BEN,2002,64855.0,779589.0
BEN,2003,270633.0,503687.0
BEN,2004,685318.0,1285348.0
BEN,2005,2556615.0,2091556.0
BEN,2006,2493591.0,6099888.0
BEN,2007,7509968.0,15399511.0
BEN,2008,1931076.0,10499053.0
BEN,2009,6587639.0,23168363.0
BEN,2010,6269287.0,13124173.0
BEN,2011,5876481.0,15621992.0
BEN,2012,1671600.0,9608927.0
BEN,2013,8457456.0,22487829.0
BEN,2014,25261325.0,27532806.0
BEN,2015,6721018.99,21153823.0
BEN,2016,2970695.6,15865696.1
BEN,2017,2331072.51,19194395.7
BEN,2018,3117012.28,0
BEN,2019,7612264.42,0
BEN,2020,6457313.46,0
BEN,2021,21058040.38,0
BFA,2002,5732831.0,97840.0
BFA,2003,89196.0,165574.0
BFA,2004,17417.0,535050.0
BFA,2005,10515993.62,695751.0
BFA,2006,5532254.85,319734.0
BFA,2007,2385375.61,536203.0
BFA,2008,11806568.58,1870469.0
BFA,2009,17064947.09,0
BFA,2010,19692599.9,6360572.0
BFA,2011,24132056.88,995600.0
BFA,2012,11536097.52,978643.0
BFA,2013,29064503.03,5061216.0
BFA,2014,12028007.76,10022761.0
BFA,2015,5759038.04,8470986.0
BFA,2016,44511529.0,715089.61
BFA,2017,10651535.91,573984.8
BFA,2018,14253276.29,0
BFA,2019,16484492.5,0
BFA,2020,16419741.62,0
BFA,2021,32952569.41,0
BGD,2002,6553629.0,9756564.0
BGD,2003,6283182.0,5647221.0
BGD,2004,11472410.0,19492019.0
BGD,2005,17517199.0,22050075.0
BGD,2006,20154145.0,21452083.0
BGD,2007,29080195.0,24858821.0
BGD,2008,80173020.0,47109667.0
BGD,2009,46432574.0,59575669.0
BGD,2010,237309967.0,256130234.0
BGD,2011,198998367.0,445237106.0
BGD,2012,458526289.0,352965420.0
BGD,2013,588623291.0,485719260.0
BGD,2014,0,709898311.0
BGD,2015,722166876.0,569998509.0
BGD,2016,678374644.1,554678742.38
BGD,2017,1134658257.17,868728520.4
BGD,2018,1395945450.37,752292457.22
BGD,2019,0,693878278.98
BGD,2020,0,693109137.7
BGD,2021,0,1273051428.47
BGR,2002,15012773.0,7892530.0
BGR,2003,12298207.0,5990573.0
BGR,2004,13644607.0,7765749.0
BGR,2005,17209572.0,11220783.0
BGR,2006,23457760.0,21601503.0
BGR,2007,61875454.0,35868052.0
BGR,2008,105696676.0,75110110.0
BGR,2009,69665193.0,41348336.0
BGR,2010,37506936.0,36913319.0
BGR,2011,26671558.0,26857382.0
BGR,2012,40493178.0,37016285.0
BGR,2013,40462504.0,41208508.0
BGR,2014,67828554.0,47704749.0
BGR,2015,50252515.0,40845028.0
BGR,2016,45572303.18,44629943.84
BGR,2017,49367170.5,38286567.0
BGR,2018,55654245.6,36060005.93
BGR,2019,76135069.76,58397150.62
BGR,2020,77272282.84,58192246.96
BGR,2021,115446111.76,107310380.58
BHR,2002,10798099.0,171050.0
BHR,2003,1914901.0,255623.0
BHR,2004,3060333.0,1013903.0
BHR,2005,23112280.0,1385496.0
BHR,2006,2174382.0,1069845.0
BHR,2007,2906160.0,1327802.0
BHR,2008,8572111.0,3745159.0
BHR,2009,6239306.0,3527931.0
BHR,2010,8963555.0,5569440.0
BHR,2011,18582798.0,7431610.0
BHR,2012,87073894.0,6009673.0
BHR,2013,31470058.0,7000296.0
BHR,2014,96549809.0,13889073.0
BHR,2015,154939926.24,15493561.0
BHR,2016,149623385.52,18148147.34
BHR,2017,145845920.03,19899770.6
BHR,2018,172831830.76,0
BHR,2019,136183488.14,0
BHR,2020,125981995.44,0
BHR,2021,93088935.57,0
BHS,2002,0,195209.0
BHS,2003,8681.0,269949.0
BHS,2004,0,547126.0
BHS,2005,0,1053942.0
BHS,2006,0,700244.0
BHS,2007,0,1392703.0
BHS,2008,0,2612042.0
BHS,2010,0,2043233.0
BHS,2011,22612.0,6182287.0
BHS,2012,0,2583698.0
BHS,2013,100100.0,0
BHS,2014,817099.0,32281640.0
BHS,2015,621724.0,35785659.0
BHS,2016,1025230.0,55722882.4
BHS,2017,1023337.2,41258913.2
BHS,2018,1459543.69,0
BHS,2019,1371491.31,0
BHS,2020,532157.0,0
BHS,2021,1994455.0,0
BIH,2002,0,154251.0
BIH,2003,544687.0,84145.0
BIH,2004,1495975.0,57144.0
BIH,2005,5463950.0,125971.0
BIH,2006,6796305.0,294688.0
BIH,2007,10609690.0,258285.0
BIH,2008,15912921.0,0
BIH,2009,14220492.0,0
BIH,2010,14432701.0,0
BIH,2011,17038631.0,0
BIH,2012,23422893.0,0
BIH,2013,35069994.0,0
BIH,2014,38144255.0,0
BIH,2015,46739371.0,0
BIH,2016,47579453.0,0
BIH,2017,59563000.35,0
BIH,2018,63334933.61,0
BIH,2019,75756949.76,0
BIH,2020,74084373.78,0
BIH,2021,79268341.88,0
BLR,2002,4639000.0,1073177.0
BLR,2003,9508800.0,1632607.0
BLR,2004,3836300.0,1540169.0
BLR,2005,2477900.0,971297.0
BLR,2006,8506000.0,1486738.0
BLR,2007,15531900.0,10079791.0
BLR,2008,34887100.0,14538314.0
BLR,2009,32796200.0,8581176.0
BLR,2010,40390800.0,14323293.0
BLR,2011,47586400.0,11186644.0
BLR,2012,28524200.0,7293168.0
BLR,2013,49633400.0,13787931.0
BLR,2014,15837700.0,13981666.0
BLR,2015,38339800.0,4627256.0
BLR,2016,44186600.0,2540937.79
BLR,2017,59009200.0,7130983.8
BLR,2018,53733300.0,5488179.81
BLR,2019,103037600.0,7531079.31
BLR,2020,82923300.0,8362453.56
BLR,2021,106001200.0,15537848.56
BLZ,2002,310.0,172995.0
BLZ,2003,10666.5,291181.0
BLZ,2004,0,1938860.0
BLZ,2005,8191.5,4830659.0
BLZ,2006,154380.0,2057053.0
BLZ,2007,216577.0,752807.0
BLZ,2008,258052.0,0
BLZ,2009,260794.5,0
BLZ,2010,1041057.64,0
BLZ,2011,2599742.19,0
BLZ,2012,3221269.0,63742957.0
BLZ,2013,6031812.0,0
BLZ,2014,5572882.0,0
BLZ,2015,5076007.0,0
BLZ,2016,3815910.0,0
BLZ,2017,3197151.4,0
BLZ,2018,3148288.4,0
BLZ,2019,3691452.71,0
BLZ,2020,6252229.61,0
BLZ,2021,5574089.96,0
BMU,2002,0,703.0
BMU,2003,0,37468.0
BMU,2004,0,58802.0
BMU,2005,57891.0,313072.0
BMU,2006,72381.0,193755.0
BMU,2007,446411.0,258614.0
BMU,2008,706683.0,0
BMU,2009,594818.0,0
BMU,2010,754758.0,0
BMU,2011,726521.0,0
BMU,2012,709475.0,0
BMU,2013,866694.0,0
BMU,2014,1277841.0,0
BMU,2015,2542724.0,0
BMU,2016,1928807.0,0
BMU,2017,2592427.39,0
BMU,2018,2904000.28,0
BMU,2019,2455428.78,0
BMU,2020,3105751.35,0
BMU,2021,3034870.15,0
BOL,2002,76530.0,150442.0
BOL,2003,118000.0,76287.0
BOL,2004,122381.0,122994.0
BOL,2005,870445.0,553461.0
BOL,2006,1523425.0,729069.0
BOL,2007,2556433.0,1796060.0
BOL,2008,3545696.0,1835234.0
BOL,2009,3038357.0,0
BOL,2010,3972372.29,2564187.0
BOL,2011,6992358.54,0
BOL,2012,9261172.95,0
BOL,2013,12400244.62,0
BOL,2014,11479691.1,0
BOL,2015,29749415.13,10804325.0
BOL,2016,27408519.85,15752785.34
BOL,2017,31243036.7,0
BOL,2018,44376689.76,0
BOL,2019,30666153.91,0
BOL,2020,26687139.04,0
BOL,2021,38959358.04,0
BRA,2002,16543759.0,12165187.0
BRA,2003,24568509.0,22571821.0
BRA,2004,38057983.0,25019328.0
BRA,2005,54944466.0,32245070.0
BRA,2006,83490949.0,61897863.0
BRA,2007,126315177.0,102621649.0
BRA,2008,225139436.0,183087076.0
BRA,2009,235056519.0,199951345.0
BRA,2010,520492352.0,492783653.0
BRA,2011,693912065.0,597892088.0
BRA,2012,862929830.0,718109745.0
BRA,2013,1200531103.0,1104837932.0
BRA,2014,1660187730.0,1480744217.0
BRA,2015,1855766292.0,1435801050.0
BRA,2016,1664478495.0,1332352708.86
BRA,2017,2275116248.0,2039516277.2
BRA,2018,2425621738.0,2059376968.07
BRA,2019,2645870966.0,2147859727.24
BRA,2020,2453017094.0,1824202388.81
BRA,2021,3015690259.0,2266957527.81
BRB,2002,207962.0,388367.0
BRB,2003,284410.0,83902.0
BRB,2004,139516.0,281339.0
BRB,2005,357789.0,181463.0
BRB,2006,422246.0,0
BRB,2007,361583.0,527705.0
BRB,2008,876860.0,0
BRB,2009,804753.0,0
BRB,2010,1762564.0,0
BRB,2011,1129265.0,0
BRB,2012,1887432.0,0
BRB,2013,2548745.0,0
BRB,2014,3264328.0,0
BRB,2015,3581154.0,0
BRB,2016,3884451.0,0
BRB,2017,4545871.0,0
BRB,2018,4212750.0,0
BRB,2019,4417802.0,0
BRB,2020,443163.5,0
BRB,2021,277422.5,0
BRN,2002,831733.0,1379232.0
BRN,2003,847954.0,539175.0
BRN,2004,718698.0,995951.0
BRN,2005,0,599236.0
BRN,2006,1500819.04,3908798.0
BRN,2007,2454670.0,0
BRN,2008,2758565.0,4491596.0
BRN,2009,3970185.0,7689675.0
BRN,2010,6161342.07,14235235.0
BRN,2011,7812136.08,15362291.0
BRN,2012,11214362.0,16870870.0
BRN,2013,10357260.0,17480933.0
BRN,2014,10076218.0,49626051.0
BRN,2015,38239242.0,25520811.0
BRN,2016,10465036.0,20052296.57
BRN,2017,15176915.61,21525054.1
BRN,2018,17251000.66,18464297.87
BRN,2019,114990373.86,66627611.83
BRN,2020,21123653.21,16457246.19
BRN,2021,47785112.93,34907875.0
BTN,2002,0,63941.0
BTN,2004,0,30220.0
BTN,2005,0,11155.0
BTN,2006,656263.0,301072.0
BTN,2007,22398.0,0
BTN,2008,49680.0,0
BTN,2010,129106.0,0
BTN,2011,434259.0,0
BTN,2012,964848.0,0
BTN,2016,594660.23,0
BTN,2017,1648852.07,0
BTN,2018,1330126.04,0
BTN,2019,1156550.46,0
BTN,2020,1337697.41,0
BWA,2002,6468.0,55395.0
BWA,2003,0,66552.0
BWA,2004,6033.0,0
BWA,2005,1450.0,132883.0
BWA,2006,70.0,2488.0
BWA,2007,124546.0,0
BWA,2008,246436.0,0
BWA,2009,667517.0,0
BWA,2010,194094.49,0
BWA,2011,213018.44,0
BWA,2012,111945.56,0
BWA,2013,405951.98,0
BWA,2014,703141.09,447589.0
BWA,2015,392142.1,905305.0
BWA,2016,24188.0,58621.81
BWA,2017,89723.54,32382.0
BWA,2018,99519.35,0
BWA,2019,340815.01,0
BWA,2020,477396.48,0
BWA,2021,472758.89,0
CAF,2002,0,47158.0
CAF,2003,0,88566.0
CAF,2004,7705.0,24827.0
CAF,2005,1867.0,49738.0
CAF,2006,0,943968.0
CAF,2007,738015.0,1094577.0
CAF,2008,1282192.0,0
CAF,2009,509266.0,0
CAF,2010,668080.0,0
CAF,2011,2318807.0,0
CAF,2012,519014.0,0
CAF,2013,344740.0,0
CAF,2014,2700288.0,0
CAF,2015,34492.0,0
CAF,2016,93084.0,2230030.58
CAF,2017,4585800.29,128930.3
CAF,2018,305192.0,0
CAF,2019,332138.19,0
CAF,2020,238966.07,0
CAF,2021,409342.34,0
CAN,2002,181164335.0,138121574.0
CAN,2003,240747954.0,171274153.0
CAN,2004,346400386.0,270096932.0
CAN,2005,461544848.0,356020354.0
CAN,2006,576185019.0,440523965.0
CAN,2007,708727169.0,539177842.0
CAN,2008,897953451.0,656383669.0
CAN,2009,926366364.0,638506285.0
CAN,2010,1139708651.0,802057710.0
CAN,2011,1346102359.0,969408587.0
CAN,2012,1619110592.0,1156512055.0
CAN,2013,2080190689.0,1557811510.0
CAN,2014,2560745826.0,2077656078.0
CAN,2015,3199617498.53,2407623872.0
CAN,2016,3739338755.58,2652547172.57
CAN,2017,3917328251.06,2709237805.2
CAN,2018,4159845705.67,3013846048.18
CAN,2019,5267668116.93,3967143949.62
CAN,2020,6091791205.98,4358867171.28
CAN,2021,7846669534.39,5268409113.28
CHL,2002,11304115.0,10425290.0
CHL,2003,11293333.56,10330660.0
CHL,2004,23629531.9,22135743.0
CHL,2005,41711801.77,30882229.0
CHL,2006,58735557.66,46078050.0
CHL,2007,61443095.52,46704471.0
CHL,2008,90815135.31,68892078.0
CHL,2009,136973403.32,110520138.0
CHL,2010,117582993.58,94099250.0
CHL,2011,166172388.51,137535297.0
CHL,2012,205914962.83,168648821.0
CHL,2013,280585953.67,219617067.0
CHL,2014,380575850.19,520782913.0
CHL,2015,622100394.94,649499975.0
CHL,2016,690367110.25,805234359.05
CHL,2017,906711356.21,998629684.9
CHL,2018,715862952.94,781673157.51
CHL,2019,791217899.05,942181133.27
CHL,2020,847382496.26,1017951286.83
CHL,2021,1321366686.74,1656261921.77
CHN,2002,1115891744.0,1518330118.0
CHN,2003,1456708094.0,1883114546.0
CHN,2004,2481988662.0,2899134901.0
CHN,2005,2552837945.0,3246384057.0
CHN,2006,2486076300.0,3242837958.0
CHN,2007,3226280825.0,3646128210.0
CHN,2008,4336317470.0,4850109958.0
CHN,2009,4746739792.0,5402978312.0
CHN,2010,6984262461.0,7742949838.0
CHN,2011,11116531136.0,11613323632.0
CHN,2012,16229125413.0,12835975642.0
CHN,2013,16891892668.0,13177694493.0
CHN,2014,19906397835.0,14928317706.0
CHN,2015,29831745312.0,16567685858.0
CHN,2016,37171603826.0,21950444543.67
CHN,2017,50374616976.0,35394308576.4
CHN,2018,63956351155.0,41366458747.8
CHN,2019,64116674838.0,41434238020.9
CHN,2020,78473071644.0,48879761897.46
CHN,2021,92276691178.0,55922822933.72
CIV,2002,3683087.0,1834053.0
CIV,2003,23611101.0,4319311.0
CIV,2004,61954566.0,32623690.0
CIV,2005,94653186.0,81130893.0
CIV,2006,68310700.0,54972962.0
CIV,2007,49625249.0,44305517.0
CIV,2008,81725835.61,85181602.0
CIV,2009,145858819.96,144301942.0
CIV,2010,106035160.42,134336821.0
CIV,2011,199299898.12,146524509.0
CIV,2012,223668029.12,214902752.0
CIV,2013,173433641.16,247138371.0
CIV,2014,165608846.09,159967987.0
CIV,2015,157811144.62,137825615.0
CIV,2016,130353799.91,120941799.35
CIV,2017,137247764.72,126168468.7
CIV,2018,181460289.55,182446858.43
CIV,2019,282855048.07,272995751.86
CIV,2020,306022929.59,266910265.06
CIV,2021,294933883.75,266201735.26
CMR,2002,264676.0,200522.0
CMR,2003,4803109.0,497426.0
CMR,2004,10638412.0,5737691.0
CMR,2005,42389746.0,7508731.0
CMR,2006,24626471.0,12011147.0
CMR,2007,22791986.0,8377752.0
CMR,2008,58667478.0,34456789.0
CMR,2009,66784220.0,32452064.0
CMR,2010,44222877.0,33658285.0
CMR,2011,116459617.0,78150378.0
CMR,2012,62879357.0,61962548.0
CMR,2013,134478156.0,101398596.0
CMR,2014,48871968.0,41186140.0
CMR,2015,38151903.0,38570973.0
CMR,2016,19780843.0,21305623.55
CMR,2017,22788288.85,21651122.3
CMR,2018,13146455.68,26723871.53
CMR,2019,31994372.8,43646258.98
CMR,2020,19343331.69,24670633.66
CMR,2021,14592552.24,16943301.98
COD,2002,0,58165.0
COD,2003,0,81858.0
COD,2004,0,7109564.0
COD,2005,0,673323.0
COD,2006,0,1749980.0
COD,2008,0,4594975.0
COD,2009,0,13190000.0
COD,2010,0,4461608.0
COD,2013,0,17975982.0
COD,2014,0,27019304.0
COD,2015,12363139.77,13607614.0
COD,2016,5763321.14,8323034.74
COD,2017,5399153.22,15438166.9
COD,2018,7948953.04,0
COD,2019,11810234.9,0
COD,2020,12472108.74,0
COD,2021,14469238.73,0
COG,2002,0,766788.0
COG,2003,0,2854776.0
COG,2004,0,4092891.0
COG,2005,0,16865861.0
COG,2006,0,23165929.0
COG,2007,1208508.0,23668657.0
COG,2008,122019.0,32793276.0
COG,2009,8493315.0,30225151.0
COG,2010,8118009.0,34493006.0
COG,2011,29777018.0,45649692.0
COG,2012,3799433.0,17144084.0
COG,2013,6894648.0,20223212.0
COG,2014,9331472.63,4304920.0
COG,2015,4754023.88,4403553.0
COG,2016,11908712.59,1689387.89
COG,2017,1299179.56,1547873.9
COG,2018,3481575.74,5777499.64
COG,2019,4836121.68,19527339.81
COG,2020,3467861.36,5086624.34
COG,2021,2915797.39,3200158.57
COL,2002,4856604.0,7147054.0
COL,2003,5055365.0,3366950.0
COL,2004,6901650.0,8232740.0
COL,2005,12146379.0,10505055.0
COL,2006,26318324.0,23063690.0
COL,2007,42491076.0,34405919.0
COL,2008,65883813.0,47092832.0
COL,2009,61464211.0,46201490.0
COL,2010,94057702.0,71884056.0
COL,2011,169782548.0,99775166.0
COL,2012,220896896.0,106414116.0
COL,2013,316050660.0,173523119.0
COL,2014,437822263.0,278289390.0
COL,2015,491169105.0,346002782.0
COL,2016,470731845.0,325094038.9
COL,2017,556991061.68,465921638.1
COL,2018,508884301.86,380342731.43
COL,2019,651644686.83,492448103.51
COL,2020,622568829.49,460337478.93
COL,2021,916167593.38,665784458.28
COM,2002,0,22148.0
COM,2003,0,22562.0
COM,2004,20857.0,73117.0
COM,2005,44831.0,4207.0
COM,2006,124042.0,0
COM,2008,1374024.0,0
COM,2009,331719.88,0
COM,2010,3195181.4,5475413.0
COM,2011,9310001.62,0
COM,2012,670858.43,0
COM,2013,2439333.97,0
COM,2014,3785248.1,0
COM,2015,3074038.15,0
COM,2016,3952990.32,0
COM,2017,7081546.38,0
COM,2018,5213262.97,0
COM,2019,5696787.93,0
COM,2020,7261685.8,0
COM,2021,12696212.86,0
CPV,2002,2584476.0,10850.0
CPV,2003,2197508.0,6484.0
CPV,2004,2634088.0,0
CPV,2005,5387335.0,35146.0
CPV,2006,1236024.0,0
CPV,2007,723083.0,0
CPV,2008,292821.0,0
CPV,2009,3766059.0,0
CPV,2010,762596.0,0
CPV,2011,901011.0,0
CPV,2012,806926.0,0
CPV,2013,1535116.63,0
CPV,2014,1706208.76,0
CPV,2015,1365033.97,0
CPV,2016,1102881.0,0
CPV,2017,1558853.78,0
CPV,2018,2185602.48,0
CPV,2019,3006798.39,0
CPV,2020,2484089.16,0
CPV,2021,1726053.68,0
CRI,2002,308134.0,394296.0
CRI,2003,493203.0,720989.0
CRI,2004,878392.0,790978.0
CRI,2005,1196035.0,2017473.0
CRI,2006,3584510.0,2621947.0
CRI,2007,7715299.0,7345265.0
CRI,2008,14407367.0,12248148.0
CRI,2009,13961512.0,8919667.0
CRI,2010,15000947.0,12048919.0
CRI,2011,22229373.0,14882890.0
CRI,2012,26836471.0,15042617.0
CRI,2013,45765699.0,21067951.0
CRI,2014,46249903.0,25760178.0
CRI,2015,56188618.0,76073781.0
CRI,2016,71687078.0,210318734.98
CRI,2017,87272276.28,140477727.7
CRI,2018,65149405.92,184318846.0
CRI,2019,86658893.96,102764498.81
CRI,2020,117634887.68,110535823.52
CRI,2021,179368098.6,213251983.32
CUB,2002,69048766.0,47035323.0
CUB,2003,80587030.0,65285597.0
CUB,2004,146662832.0,105251416.0
CUB,2005,269448297.0,207136740.0
CUB,2006,175061576.0,152837426.0
CUB,2007,0,279739932.0
CUB,2008,0,488476474.0
CUB,2009,0,240725557.0
CUB,2010,0,251250131.0
CUB,2013,0,293360.0
CUB,2016,269920397.01,0
CUB,2017,279641092.79,0
CUB,2018,374039366.33,0
CUB,2019,276624223.39,0
CUB,2020,191224902.99,0
CUB,2021,299446505.86,0
CUW,2017,1552579.33,0
CUW,2018,1764074.88,0
CUW,2019,1508755.73,0
CUW,2020,992625.31,0
CYM,2004,0,11275.0
CYM,2013,86669.0,0
CYM,2015,73161.0,0
CYM,2020,63276.79,0
CYM,2021,232346.08,0
CYP,2002,4242438.0,1457741.0
CYP,2003,4982280.0,2118975.0
CYP,2004,4812270.0,2876169.0
CYP,2005,4674162.0,4832295.0
CYP,2006,7171456.0,5880191.0
CYP,2007,9202208.0,6958853.0
CYP,2008,12404613.0,19704104.0
CYP,2009,11910224.0,11957848.0
CYP,2010,18154569.0,13921338.0
CYP,2011,15556073.0,19332614.0
CYP,2012,17808397.0,17661448.0
CYP,2013,15583754.11,16592903.0
CYP,2014,38962391.58,28705871.0
CYP,2015,24992086.55,33428805.0
CYP,2016,40987613.02,38122909.18
CYP,2017,46666217.24,39320335.4
CYP,2018,43890859.26,41324032.62
CYP,2019,39581494.96,36868284.94
CYP,2020,40475029.93,38075654.18
CYP,2021,43192886.05,38367694.38
CZE,2002,57237254.0,39628536.0
CZE,2003,55002757.0,39010155.0
CZE,2004,79306768.0,42646196.0
CZE,2005,90976376.0,49011347.0
CZE,2006,133842000.0,70090164.0
CZE,2007,189210805.0,102047695.0
CZE,2008,252547218.0,132983139.0
CZE,2009,238878307.0,119948306.0
CZE,2010,273336154.0,134911742.0
CZE,2011,375424603.0,183296637.0
CZE,2012,347696872.0,180053577.0
CZE,2013,418208307.0,180407032.0
CZE,2014,611877348.0,218575901.0
CZE,2015,661242169.0,0
CZE,2016,766280789.0,146173879.18
CZE,2017,903910782.0,150838050.1
CZE,2018,1033597694.0,156481342.34
CZE,2019,1166064915.0,207829820.78
CZE,2020,1437165110.0,425653573.49
CZE,2021,1988784178.0,582833845.61
DEU,2002,1103608000.0,729028855.0
DEU,2003,1312418000.0,854713815.0
DEU,2004,1674332000.0,1064734842.0
DEU,2005,1731455000.0,1085543392.0
DEU,2006,2180722000.0,1445308550.0
DEU,2007,2945747000.0,1854895363.0
DEU,2008,3563639078.3,2073423756.0
DEU,2009,3249832100.54,1885408652.0
DEU,2010,3956804728.09,2372735596.0
DEU,2011,5643213568.51,3366900508.0
DEU,2012,6649829310.87,4094940259.0
DEU,2013,7541006236.1,4736995934.0
DEU,2014,8092434251.76,5174944225.0
DEU,2015,9003166526.77,5707416104.0
DEU,2016,9833397259.96,5960516080.96
DEU,2017,10966127940.95,6353565104.5
DEU,2018,11631346853.17,6873195900.01
DEU,2019,10903370233.36,6560243273.36
DEU,2020,11703854591.01,6638896625.53
DEU,2021,12532523028.35,7287757827.74
DJI,2002,0,154663.0
DJI,2003,0,186314.0
DJI,2004,0,146897.0
DJI,2005,0,565256.0
DJI,2006,0,1549070.0
DJI,2007,0,554760.0
DJI,2008,0,2655679.0
DJI,2009,77891.0,0
DJI,2010,0,3889854.0
DJI,2014,0,42956286.0
DJI,2015,0,45230543.0
DJI,2016,0,26608227.36
DJI,2017,0,37249130.1
DJI,2021,2724493.79,0
DMA,2002,1269.0,910327.0
DMA,2003,16818.0,658318.0
DMA,2004,17509.0,2113917.0
DMA,2005,21760.0,2813716.0
DMA,2006,0,3419605.0
DMA,2007,20784.0,10677512.0
DMA,2008,16501.0,3796929.0
DMA,2009,53025.0,14130764.0
DMA,2010,26342.0,17130227.0
DMA,2011,0,19987860.0
DMA,2012,37306.0,23249612.0
DMA,2013,85044.09,17457811.0
DMA,2014,0,11409247.0
DMA,2016,15871.09,0
DMA,2017,279587.2,0
DMA,2018,1597848.71,0
DMA,2019,7556108.71,0
DMA,2020,72205.48,0
DMA,2021,26905.53,0
DNK,2002,77082548.0,63266245.0
DNK,2003,111156577.0,71110903.0
DNK,2004,123149392.0,80182312.0
DNK,2005,125825148.0,88236981.0
DNK,2006,143290213.0,109528251.0
DNK,2007,175437569.0,138027185.0
DNK,2008,213558158.0,171651757.0
DNK,2009,218430399.0,165575067.0
DNK,2010,223726029.0,195018454.0
DNK,2011,292512606.0,271457216.0
DNK,2012,287600871.0,276067819.0
DNK,2013,288066662.0,267132079.0
DNK,2014,343178720.0,315587741.0
DNK,2015,341468066.0,289372551.0
DNK,2016,331521299.39,283030069.81
DNK,2017,422532029.77,341686541.7
DNK,2018,422102647.0,373520218.1
DNK,2019,393693415.1,336735438.48
DNK,2020,365335304.27,295003772.86
DNK,2021,469871577.07,354579825.41
DOM,2002,584298.32,431468.0
DOM,2003,298948.73,434302.0
DOM,2004,220023.38,1448143.0
DOM,2005,1964953.19,4362900.0
DOM,2006,3288407.52,6567797.0
DOM,2007,7480058.71,0
DOM,2008,21731138.04,11249790.0
DOM,2009,23601033.89,13348790.0
DOM,2010,31819519.0,14149656.0
DOM,2011,44519916.0,24227294.0
DOM,2012,37780300.0,23123912.0
DOM,2013,42846411.0,23382477.0
DOM,2014,67579313.93,51132135.0
DOM,2015,76139139.28,65009460.0
DOM,2016,72911890.17,74911502.23
DOM,2017,71991632.87,78685230.2
DOM,2018,61527452.69,80277570.23
DOM,2019,67687557.84,83187446.34
DOM,2020,54294156.06,61863256.25
DOM,2021,88050937.58,99264244.1
DZA,2002,6483127.0,3325011.0
DZA,2003,13491485.0,18197958.0
DZA,2004,26493250.0,13881816.0
DZA,2005,28170434.0,30899152.0
DZA,2006,45083618.0,34183847.0
DZA,2007,55100955.0,40504821.0
DZA,2008,99337240.0,77519489.0
DZA,2009,94243285.0,81586871.0
DZA,2010,128632517.0,75814709.0
DZA,2011,157962858.0,100412725.0
DZA,2012,207790931.0,129082276.0
DZA,2013,284031397.0,176724145.0
DZA,2014,366318198.0,246351444.0
DZA,2015,347591841.0,233773699.0
DZA,2016,434023097.0,271244601.3
DZA,2017,457328750.35,280663914.9
DZA,2018,0,191847246.45
DZA,2019,0,187035947.08
DZA,2020,0,148083765.87
DZA,2021,0,153171554.44
ECU,2002,832252.0,3481453.0
ECU,2003,1916248.0,4623733.0
ECU,2004,5102102.0,8005627.0
ECU,2005,6670754.0,16389805.0
ECU,2006,6005127.0,27984586.0
ECU,2007,4313522.0,29339051.0
ECU,2008,8957767.0,45001948.0
ECU,2009,18228766.0,50525569.0
ECU,2010,14280294.0,65678180.0
ECU,2011,42240682.0,64097941.0
ECU,2012,32065668.0,113422841.0
ECU,2013,78222982.0,79932206.0
ECU,2014,95286138.0,104953878.0
ECU,2015,122442292.0,95739986.0
ECU,2016,145131719.0,132203292.73
ECU,2017,162455138.11,133943536.5
ECU,2018,195094102.5,125421234.63
ECU,2019,179381200.64,95060282.15
ECU,2020,179006452.46,112647027.67
ECU,2021,232193334.08,142715877.49
EGY,2002,7496449.59,21782681.0
EGY,2003,8750964.74,14838510.0
EGY,2004,8661064.72,40334793.0
EGY,2005,12775639.76,45092684.0
EGY,2006,10381817.69,49011323.0
EGY,2007,26639254.17,97783935.0
EGY,2008,139919949.14,167824887.0
EGY,2009,156073981.53,162668649.0
EGY,2010,134338226.0,174643510.0
EGY,2011,194848722.0,256294222.0
EGY,2012,246547693.0,297652169.0
EGY,2013,201989599.0,220021631.0
EGY,2014,260121422.0,380023254.0
EGY,2015,281226615.76,361679205.0
EGY,2016,259386899.82,292881950.77
EGY,2017,372180298.75,320986656.1
EGY,2018,799805241.35,439986855.4
EGY,2019,1005200595.25,458520261.69
EGY,2020,823659476.65,447233209.78
EGY,2021,954439237.23,568235350.6
ERI,2002,0,261918.0
ERI,2003,0,164510.0
ERI,2006,0,2016581.0
ERI,2007,0,1592768.0
ERI,2010,0,5526229.0
ESP,2002,322174959.98,178962962.0
ESP,2003,396899254.12,234204155.0
ESP,2004,558854691.44,312025043.0
ESP,2005,680497168.09,410799126.0
ESP,2006,867472971.97,558018748.0
ESP,2007,1146551739.26,759634497.0
ESP,2008,1602962628.54,962236840.0
ESP,2009,1280870385.1,939901090.0
ESP,2010,1420113382.67,1110791719.0
ESP,2011,2021506740.48,1554719724.0
ESP,2012,2353543471.47,1793606850.0
ESP,2013,2558536467.27,2109579798.0
ESP,2014,2857916087.21,2563347797.0
ESP,2015,2569486021.98,2299021695.0
ESP,2016,2611696124.78,2293647298.43
ESP,2017,2960923197.26,2515755458.2
ESP,2018,3196379613.43,2629158090.46
ESP,2019,3328247897.98,2707380043.49
ESP,2020,2813629968.45,2129146756.93
ESP,2021,3316050107.41,2545892337.01
EST,2002,5641789.0,2092419.0
EST,2003,7050373.0,2304922.0
EST,2004,8254727.84,2191075.0
EST,2005,9931910.17,2424707.0
EST,2006,17522624.07,7941253.0
EST,2007,20197514.47,5787767.0
EST,2008,28198318.86,9234281.0
EST,2009,24033249.15,8868785.0
EST,2010,24286330.0,6643462.0
EST,2011,29436421.0,11412118.0
EST,2012,29352158.0,11538125.0
EST,2013,33561275.0,11210329.0
EST,2014,42921323.0,19693876.0
EST,2015,39272757.0,25501212.0
EST,2016,48148115.33,30777526.55
EST,2017,65663623.73,34706463.2
EST,2018,79204054.6,42535767.9
EST,2019,90174516.94,31898524.7
EST,2020,86339597.4,48865980.8
EST,2021,114136203.19,33644036.56
ETH,2002,202916.92,113977.0
ETH,2003,336127.25,274928.0
ETH,2004,3256525.37,1842231.0
ETH,2005,3923068.44,6497999.0
ETH,2006,8166077.54,25863133.0
ETH,2007,20566985.83,11068607.0
ETH,2008,7972119.68,6165939.0
ETH,2009,12118038.56,7090307.0
ETH,2010,70525180.67,34212486.0
ETH,2011,20673917.04,11265569.0
ETH,2012,41749735.48,22466208.0
ETH,2013,40209923.67,25120930.0
ETH,2014,59774294.81,10961335.0
ETH,2015,58160411.91,9432670.0
ETH,2016,28178802.36,0
ETH,2017,43199280.15,0
ETH,2018,36046013.79,0
ETH,2019,31074656.0,0
ETH,2020,30263393.33,0
ETH,2021,32984218.53,0
FIN,2002,34921966.0,24271527.0
FIN,2003,46525101.0,28792244.0
FIN,2004,61464727.0,41891013.0
FIN,2005,64618352.0,57155288.0
FIN,2006,86994226.0,68875198.0
FIN,2007,106274116.0,92512436.0
FIN,2008,143983971.0,134362710.0
FIN,2009,132998976.0,79500451.0
FIN,2010,151090586.0,68398948.0
FIN,2011,74629620.0,87020778.0
FIN,2012,176950744.0,99719568.0
FIN,2013,179971720.0,80740434.0
FIN,2014,198859265.0,104483949.0
FIN,2015,214501654.0,117557689.0
FIN,2016,239116213.0,106566502.85
FIN,2017,272056326.33,164886454.6
FIN,2018,355772273.3,164682666.96
FIN,2019,357992562.33,119549201.87
FIN,2020,427066871.95,140794183.24
FIN,2021,643333221.3,270785200.23
FJI,2002,690408.0,897637.0
FJI,2003,811767.0,656931.0
FJI,2004,1273810.0,1394404.0
FJI,2005,1045091.0,1162312.0
FJI,2006,1060535.0,1517254.0
FJI,2007,1463395.0,1579046.0
FJI,2008,6411945.0,3845599.0
FJI,2009,11165638.0,12937556.0
FJI,2010,18607187.0,14938485.0
FJI,2011,17933226.0,19705968.0
FJI,2012,17439425.0,18144402.0
FJI,2013,17860775.0,15836859.0
FJI,2014,16896616.0,13990130.0
FJI,2015,15974657.38,12827618.0
FJI,2016,18380732.97,19837379.04
FJI,2017,20807975.39,21499718.5
FJI,2018,29070301.67,0
FJI,2019,33913850.3,0
FJI,2020,19595035.65,0
FJI,2021,21347789.43,0
FRA,2002,833789136.0,439472229.0
FRA,2003,953223343.0,497229164.0
FRA,2004,1092796987.0,557593256.0
FRA,2005,1185854354.0,656420756.0
FRA,2006,1459624516.0,799006257.0
FRA,2007,1715014171.0,889382025.0
FRA,2008,1830179322.0,970838602.0
FRA,2009,1680130034.0,820069830.0
FRA,2010,1901199854.0,1101330057.0
FRA,2011,2731114139.0,1658883617.0
FRA,2012,3478766992.0,2163399349.0
FRA,2013,3732424118.0,2202728586.0
FRA,2014,4040620913.0,2477754806.0
FRA,2015,4522507038.0,2977755867.0
FRA,2016,4994268426.0,3024879064.84
FRA,2017,5827116888.97,3372882802.7
FRA,2018,6413864614.74,3701139630.04
FRA,2019,6317151757.1,3705665613.04
FRA,2020,6206337630.68,3262023202.42
FRA,2021,6616440288.97,3181323521.51
FRO,2002,415111.0,21631.0
FRO,2003,590368.0,32903.0
FRO,2004,717106.0,98068.0
FRO,2005,610955.0,0
FRO,2006,694414.0,6780.0
FRO,2007,1215824.0,0
FRO,2008,1111033.0,0
FRO,2009,1044971.0,0
FSM,2002,0,79149.0
FSM,2003,16908.0,150385.0
FSM,2004,459.0,0
FSM,2005,3737.0,32250.0
FSM,2006,697.0,0
FSM,2007,2759.0,0
FSM,2008,221773.0,0
FSM,2009,628883.0,0
FSM,2010,285683.0,0
FSM,2011,28856.0,0
FSM,2012,112934.0,0
FSM,2013,237226.0,0
GAB,2002,0,63679.0
GAB,2003,23082.0,6166359.0
GAB,2004,136351.24,744144.0
GAB,2005,8466586.0,8367671.0
GAB,2006,5614026.0,3278533.0
GAB,2007,9069351.0,4356322.0
GAB,2008,11058367.0,8895670.0
GAB,2009,8747257.0,5621273.0
GAB,2010,10680839.24,7446346.0
GAB,2011,9017956.54,7245864.0
GAB,2012,13690236.81,13502580.0
GAB,2013,24475455.98,19104144.0
GAB,2014,17606558.93,10398502.0
GAB,2015,10322516.51,21075700.0
GAB,2016,11402537.68,8082985.59
GAB,2017,7881656.67,6269268.0
GAB,2018,21252800.92,0
GAB,2019,32833751.39,0
GAB,2020,31535417.22,0
GAB,2021,22210228.21,0
GBR,2002,914881256.0,571631088.0
GBR,2003,1170660701.0,754767026.0
GBR,2004,1535947622.0,1010300848.0
GBR,2005,1529631554.0,1015760345.0
GBR,2006,1676322985.0,1179694635.0
GBR,2007,1938721209.0,1431320459.0
GBR,2008,2176814281.0,1581044671.0
GBR,2009,1925868464.0,1329234283.0
GBR,2010,2164065049.0,1681884445.0
GBR,2011,3025826684.0,2398191123.0
GBR,2012,3873766756.0,3033600590.0
GBR,2013,4483216178.0,3696265186.0
GBR,2014,4055909247.0,3647172364.0
GBR,2015,4880660155.0,4645219798.0
GBR,2016,5074516737.0,4898076612.06
GBR,2017,5412432143.58,5415115561.8
GBR,2018,5928443872.08,5779270899.85
GBR,2019,6017698808.52,5760277924.11
GBR,2020,5041061996.26,4951457261.29
GBR,2021,6282687294.08,5765718023.85
GEO,2002,46043.0,4310277.0
GEO,2003,189942.0,2912215.0
GEO,2004,439543.0,9392938.0
GEO,2005,466694.0,4091077.0
GEO,2006,1827669.0,6696135.0
GEO,2007,3109379.0,12663739.0
GEO,2008,7643563.0,23811286.0
GEO,2009,9387147.0,15180048.0
GEO,2010,11071368.0,15383386.0
GEO,2011,7975034.0,12642919.0
GEO,2012,14596042.0,15107338.0
GEO,2013,22824791.0,19085193.0
GEO,2014,36738010.67,38131380.0
GEO,2015,21514638.8,26101743.0
GEO,2016,15689371.27,18710760.28
GEO,2017,7455342.06,14532216.2
GEO,2018,9019408.18,0
GEO,2019,8454836.25,0
GEO,2020,9003558.79,0
GEO,2021,9188801.61,0
GHA,2002,7645983.0,8602518.0
GHA,2003,15908565.0,15259541.0
GHA,2004,37352186.0,31759704.0
GHA,2005,47762302.0,23356638.0
GHA,2006,38944714.0,38223459.0
GHA,2007,43604740.0,53243418.0
GHA,2008,37601006.0,52188757.0
GHA,2009,59393200.0,77496523.0
GHA,2010,86030720.99,98602684.0
GHA,2011,118210766.0,120347946.0
GHA,2012,138964585.0,203589722.0
GHA,2013,220155864.0,247006911.0
GHA,2014,307334885.39,243631811.0
GHA,2015,407670084.55,240505189.0
GHA,2016,219281235.0,290732998.09
GHA,2017,291961587.51,266832461.9
GHA,2018,342560900.75,278261181.4
GHA,2019,316540196.37,271657171.0
GHA,2020,0,363464760.59
GHA,2021,393603708.26,480640034.84
GIN,2002,81248.0,533788.0
GIN,2003,0,986419.0
GIN,2004,6054415.0,9011222.0
GIN,2005,3112581.0,6563536.0
GIN,2006,7826604.0,14531629.0
GIN,2007,3955908.0,8115853.0
GIN,2008,10085179.0,37402831.0
GIN,2009,0,32103673.0
GIN,2010,0,47757288.0
GIN,2011,0,94446041.0
GIN,2012,0,39079786.0
GIN,2013,58847766.0,33214502.0
GIN,2014,831314.0,8750911.0
GIN,2015,10895899.0,18474945.0
GIN,2016,4863759.54,12479051.57
GIN,2017,0,13197026.9
GMB,2002,0,1886524.0
GMB,2003,0,844656.0
GMB,2004,0,1134063.0
GMB,2005,0,5439624.0
GMB,2006,0,5032465.0
GMB,2007,0,4299068.0
GMB,2008,0,14179053.0
GMB,2009,0,13312882.0
GMB,2010,745719.77,6011544.0
GMB,2011,3552458.4,7451838.0
GMB,2012,2706182.43,6600873.0
GMB,2013,5845971.37,6805303.0
GMB,2014,834158.4,7471273.0
GMB,2015,546187.31,3226946.0
GMB,2016,393596.21,4536342.91
GMB,2017,218173.77,4441374.1
GMB,2018,127975.13,0
GMB,2019,3977057.09,0
GMB,2020,495058.89,0
GMB,2021,350891.24,0
GNB,2002,0,17498.0
GNB,2003,2487278.0,7006.0
GNB,2004,0,148588.0
GNB,2006,0,130997.0
GNB,2008,0,10434299.0
GNB,2009,0,3710765.0
GNB,2011,0,7382109.0
GNB,2012,0,4166998.0
GNB,2013,0,8249970.0
GNB,2014,748779.26,1934125.0
GNB,2015,1567918.58,2277791.0
GNB,2016,0,133119.0
GNB,2017,75757.91,290029.0
GNB,2018,9142.57,0
GRC,2002,45302900.0,34339111.0
GRC,2003,58654944.0,41960206.0
GRC,2004,62788932.0,45389338.0
GRC,2005,70850935.0,54949010.0
GRC,2006,82055111.0,64649320.0
GRC,2007,108354035.0,81805504.0
GRC,2008,119690645.0,103235167.0
GRC,2009,100389369.0,77697625.0
GRC,2010,88533008.0,80273499.0
GRC,2011,128317578.0,132288109.0
GRC,2012,167932199.0,150576368.0
GRC,2013,205984904.0,186360810.0
GRC,2014,184344455.0,185112542.0
GRC,2015,147753123.0,167255451.0
GRC,2016,168771195.0,188620564.64
GRC,2017,219480332.24,270303983.0
GRC,2018,228845205.18,251783616.22
GRC,2019,246687755.05,272476120.51
GRC,2020,232247119.27,259099817.48
GRC,2021,293128393.9,357949219.7
GRD,2002,23362.0,35751.0
GRD,2003,50538.0,11970.0
GRD,2004,21472.0,60987.0
GRD,2005,12130.0,85620.0
GRD,2006,59885.0,103060.0
GRD,2007,66295.0,0
GRD,2008,296779.0,0
GRD,2009,186776.0,0
GRD,2010,151727.26,1020245.0
GRD,2011,122636.17,0
GRD,2012,64736.97,0
GRD,2013,30067.01,0
GRD,2015,38629.59,0
GRD,2016,56409.2,0
GRD,2017,260964.55,0
GRD,2018,453095.1,0
GRD,2019,133233.34,0
GRD,2020,74765.93,0
GRD,2021,89707.04,0
GRL,2002,0,85971.0
GRL,2003,739370.0,58989.0
GRL,2004,0,252512.0
GRL,2005,0,44101.0
GRL,2006,575486.0,201059.0
GRL,2007,83637.0,254275.0
GRL,2008,252161.0,0
GRL,2009,393815.32,0
GRL,2010,391009.78,0
GRL,2011,651406.76,0
GRL,2012,518824.48,0
GRL,2013,447097.51,0
GRL,2014,255159.4,0
GRL,2015,356200.63,0
GRL,2016,507441.99,0
GRL,2017,396999.14,0
GRL,2018,610345.59,0
GTM,2002,580900.0,4094988.0
GTM,2003,468922.0,885360.0
GTM,2004,400974.0,1291563.0
GTM,2005,3077120.0,1282101.0
GTM,2006,2167058.0,3196242.0
GTM,2007,2617046.0,2748480.0
GTM,2008,4910848.0,6445378.0
GTM,2009,20176771.0,14738398.0
GTM,2010,13297864.0,13266993.0
GTM,2011,17431399.0,16186425.0
GTM,2012,21176717.0,22401354.0
GTM,2013,25670513.0,25086833.0
GTM,2014,25873762.0,24530307.0
GTM,2015,34104099.0,36636737.0
GTM,2016,43869275.0,38626572.01
GTM,2017,78714655.0,91868996.4
GTM,2018,73873338.0,0
GTM,2019,122046946.0,0
GTM,2020,204190480.0,0
GTM,2021,399048398.0,0
GUY,2002,94268.0,134417.0
GUY,2003,1693.0,125581.0
GUY,2004,205379.0,35769.0
GUY,2005,156287.0,155750.0
GUY,2006,350060.0,2312702.0
GUY,2007,5020776.0,303850.0
GUY,2008,214331.0,0
GUY,2009,804338.0,0
GUY,2010,4806072.0,3421805.0
GUY,2011,934425.0,0
GUY,2012,553902.0,0
GUY,2013,954272.0,0
GUY,2014,1088199.0,0
GUY,2015,713453.39,0
GUY,2016,789502.0,0
GUY,2017,1016970.9,0
GUY,2018,3938398.61,0
GUY,2019,2620972.46,0
GUY,2020,2107447.83,0
GUY,2021,2887007.89,0
HKG,2002,258554920.0,340168123.0
HKG,2003,345302444.0,368734363.0
HKG,2004,448714763.0,380055970.0
HKG,2005,498533489.0,353112820.0
HKG,2006,623434918.0,452984755.0
HKG,2007,742116946.0,582522824.0
HKG,2008,999342432.0,877189662.0
HKG,2009,1278969610.0,1034099464.0
HKG,2010,1959593909.0,1464177811.0
HKG,2011,2520970276.0,2205716065.0
HKG,2012,4714469386.0,3705368841.0
HKG,2013,5060349528.0,4113496891.0
HKG,2014,5490033019.0,5264730980.0
HKG,2015,6568842306.09,6959274105.0
HKG,2016,6995620402.94,6088076565.76
HKG,2017,7910077586.35,7574306658.7
HKG,2018,8439277479.5,7957597076.76
HKG,2019,10027081129.24,7161561214.98
HKG,2020,15257004248.63,10435730603.25
HKG,2021,15138766314.0,11985199865.61
HND,2002,93589.0,1718061.0
HND,2003,87147.0,812283.0
HND,2004,133769.0,2079168.0
HND,2005,101831.0,2189506.0
HND,2006,109113.0,5381483.0
HND,2007,445270.0,1778038.0
HND,2008,0,4365891.0
HND,2009,2180222.0,2862740.0
HND,2010,5099683.0,6575494.0
HND,2011,7733320.0,6725350.0
HND,2012,11697992.0,5440714.0
HND,2013,0,6044371.0
HND,2014,33026253.0,31394707.0
HND,2015,54441701.0,12355589.0
HND,2016,55509227.0,12826616.64
HND,2017,56845398.99,20103882.8
HND,2018,44774625.76,0
HND,2019,71372105.83,0
HND,2020,71347069.34,0
HND,2021,127309909.6,0
HRV,2002,9846889.0,1319688.0
HRV,2003,14469500.0,3248916.0
HRV,2004,17521589.0,3674369.0
HRV,2005,21057560.0,4538205.0
HRV,2006,31118338.0,6646662.0
HRV,2007,47487739.0,11590399.0
HRV,2008,62884301.0,17155869.0
HRV,2009,52518005.0,39381993.0
HRV,2010,48672225.0,15902100.0
HRV,2011,59530910.0,14250250.0
HRV,2012,64364384.0,15532024.0
HRV,2013,22017176.0,14835860.0
HRV,2014,28472171.0,25361444.0
HRV,2015,23914211.0,32636354.0
HRV,2016,27535907.0,45577977.58
HRV,2017,34515398.0,60586625.2
HRV,2018,34200491.0,77205899.04
HRV,2019,37828983.0,84131910.51
HRV,2020,32836563.0,50414029.02
HRV,2021,33383265.0,52550302.77
HTI,2002,0,131668.0
HTI,2003,0,38642.0
HTI,2004,0,219368.0
HTI,2005,0,255051.0
HTI,2006,0,1236907.0
HTI,2007,0,419632.0
HTI,2010,0,30613002.0
HTI,2011,0,14400258.0
HTI,2012,0,11984571.0
HTI,2013,37342037.65,43215769.0
HTI,2014,24911716.84,18554963.0
HTI,2015,42207116.28,28205267.0
HTI,2016,24850217.32,19778827.08
HTI,2017,23437014.43,23167930.5
HUN,2002,37137000.0,21206472.0
HUN,2003,46819000.0,18337527.0
HUN,2004,20973000.0,21626592.0
HUN,2005,21320000.0,27041085.0
HUN,2006,25373000.0,33041961.0
HUN,2007,51891000.0,62713647.0
HUN,2008,50440000.0,70369713.0
HUN,2009,50110000.0,62451299.0
HUN,2010,28415000.0,38425014.0
HUN,2011,35982000.0,51338115.0
HUN,2012,44630786.0,57576917.0
HUN,2013,48650438.0,60060582.0
HUN,2014,50557933.0,54998058.0
HUN,2015,75670728.0,65735141.0
HUN,2016,124246185.0,93331658.58
HUN,2017,277715609.0,206581791.1
HUN,2018,536574707.0,401168028.06
HUN,2019,540768878.0,408226462.72
HUN,2020,1008412010.0,925032812.49
HUN,2021,973443772.0,570197546.18
IDN,2002,258947544.0,331966572.0
IDN,2003,415580174.0,467224103.0
IDN,2004,415798594.0,452860997.0
IDN,2005,439028586.0,468847952.0
IDN,2006,846802554.0,957925970.0
IDN,2007,994197056.0,1153201338.0
IDN,2008,717667693.0,751208872.0
IDN,2009,653741932.0,754054282.0
IDN,2010,1142267094.0,1433419494.0
IDN,2011,2382947619.0,2358900369.0
IDN,2012,2595006406.0,2357706297.0
IDN,2013,2722637451.0,2502204302.0
IDN,2014,3417776777.0,2890397310.0
IDN,2015,3161530523.0,2847607206.0
IDN,2016,3228402149.0,2617850586.73
IDN,2017,3228760343.0,2858867978.3
IDN,2018,3794629974.0,3533690964.23
IDN,2019,3848195857.0,3369982785.5
IDN,2020,3130605755.0,2823619833.66
IDN,2021,4213236813.0,3915595963.63
IND,2002,28053176.0,52030340.0
IND,2003,33557124.0,32272789.0
IND,2004,73208156.0,78614780.0
IND,2005,127378217.0,97755684.0
IND,2006,159826208.0,137837379.0
IND,2007,153133886.0,179656867.0
IND,2008,371604831.0,388992744.0
IND,2009,442905806.0,419576981.0
IND,2010,993511953.0,991629599.0
IND,2011,1554279785.0,1553921231.0
IND,2012,1945485251.0,1782177796.0
IND,2013,2826668139.0,2354695378.0
IND,2014,2781692510.0,2510734109.0
IND,2015,2680088909.0,2469722108.0
IND,2016,3105624994.0,2687193236.06
IND,2017,4141951313.64,3756251064.6
IND,2018,7223367211.02,6543813993.33
IND,2019,7446093333.86,6675949031.78
IND,2020,5564634467.35,5234076826.71
IND,2021,7075314752.77,6258022022.28
IRL,2002,46585673.34,19155611.0
IRL,2003,47249715.28,17120572.0
IRL,2004,66173360.66,28271688.0
IRL,2005,73658785.98,25141852.0
IRL,2006,96360604.99,38107011.0
IRL,2007,133171413.94,54908313.0
IRL,2008,132940184.0,54253401.0
IRL,2009,102717922.58,39546220.0
IRL,2010,101679162.37,46105450.0
IRL,2011,120272812.74,63673662.0
IRL,2012,129042523.79,80975785.0
IRL,2013,118560809.64,73766157.0
IRL,2014,151733603.19,102150207.0
IRL,2015,160125035.99,115042768.0
IRL,2016,180548568.84,112291632.74
IRL,2017,177445222.6,107994900.8
IRL,2018,197612495.38,147232088.73
IRL,2019,260555323.25,147907702.52
IRL,2020,333263794.73,172679001.18
IRL,2021,776236983.52,343854018.5
IRN,2002,3710232.0,10383224.0
IRN,2003,10740595.0,14056006.0
IRN,2004,8094204.0,19753490.0
IRN,2005,44968373.0,82594050.0
IRN,2006,2544947.0,16423725.0
IRN,2007,0,30255097.0
IRN,2008,0,79032494.0
IRN,2009,0,27513129.0
IRN,2010,12047406.0,44277258.0
IRN,2011,16430671.0,0
IRN,2013,6151580.42,330485.0
IRN,2014,13270420.36,440239.0
IRN,2015,25316527.0,0
IRN,2016,41036229.9,0
IRN,2017,79546396.0,0
IRN,2018,45740433.0,0
IRN,2019,47839445.0,0
IRN,2020,32860934.0,0
IRN,2021,42348428.0,0
IRQ,2002,0,439881069.0
IRQ,2003,0,151260486.0
IRQ,2004,0,184511720.0
IRQ,2005,0,101000580.0
IRQ,2006,0,117534172.0
IRQ,2007,0,14830020.0
IRQ,2008,0,124284778.0
IRQ,2009,0,90185118.0
IRQ,2010,0,188348936.0
IRQ,2011,0,149574274.0
IRQ,2014,30717208.0,0
IRQ,2018,0,379157200.7
IRQ,2019,0,382012484.32
IRQ,2020,0,298687689.6
IRQ,2021,8192321.0,282640531.68
ISL,2002,2227457.0,2182694.0
ISL,2003,3207061.0,1480071.0
ISL,2004,4767273.0,4418409.0
ISL,2005,5072145.0,1926655.0
ISL,2006,5858081.0,3478708.0
ISL,2007,8195772.0,4749001.0
ISL,2008,8308766.0,8588550.0
ISL,2009,5170307.0,0
ISL,2010,7722164.0,1698804.0
ISL,2011,9669808.0,0
ISL,2012,10287262.0,0
ISL,2013,12941632.0,0
ISL,2014,11484468.0,0
ISL,2015,13480617.0,5772480.0
ISL,2016,17043518.0,872377.91
ISL,2017,23179625.1,0
ISL,2018,29627531.79,4326740.72
ISL,2019,45019085.19,8299221.21
ISL,2020,41648878.03,2929954.87
ISL,2021,59436704.6,2646560.0
ISR,2002,19531000.0,19459959.0
ISR,2003,23432000.0,19938443.0
ISR,2004,33192000.0,32176912.0
ISR,2005,37223000.0,31585780.0
ISR,2006,45244000.0,44186765.0
ISR,2007,64288000.0,58093020.0
ISR,2008,140030000.0,82697006.0
ISR,2009,71568000.0,76936810.0
ISR,2010,84557000.0,97478123.0
ISR,2011,129797000.0,170750038.0
ISR,2012,208359000.0,279274269.0
ISR,2013,294289000.0,404513767.0
ISR,2014,379953000.0,495824449.0
ISR,2015,408918000.0,533652405.0
ISR,2016,442365000.0,554091166.91
ISR,2017,598801000.0,711419293.8
ISR,2018,946326000.0,779841908.77
ISR,2019,982495000.0,774298811.17
ISR,2020,386809000.0,683230099.49
ISR,2021,337469000.0,780494386.09
ITA,2002,373206561.49,264640919.0
ITA,2003,449275212.72,330941127.0
ITA,2004,501700689.22,369873325.0
ITA,2005,586497944.0,470054026.0
ITA,2006,764014629.08,653081632.0
ITA,2007,952120613.49,816849007.0
ITA,2008,1181288303.2,1002760946.0
ITA,2009,978824583.04,804629146.0
ITA,2010,1179685367.0,980141338.0
ITA,2011,1762863408.0,1534325967.0
ITA,2012,2337567891.0,1876555639.0
ITA,2013,2891227623.0,2290696844.0
ITA,2014,2986680520.0,2740093506.0
ITA,2015,2950584444.71,2847802642.0
ITA,2016,3285791372.87,3264814560.8
ITA,2017,2866574717.29,2734907503.2
ITA,2018,3009098331.85,2890292659.76
ITA,2019,3511333175.92,3439949265.38
ITA,2020,3269732259.86,3102293467.7
ITA,2021,4168785607.9,3842471246.05
JAM,2002,243380.0,151921.0
JAM,2003,137092.0,322346.0
JAM,2004,198033.0,233297.0
JAM,2005,344610.0,676261.0
JAM,2006,653771.0,572380.0
JAM,2007,1428531.0,1173145.0
JAM,2008,2405235.0,2019205.0
JAM,2009,8191828.0,0
JAM,2010,2975100.0,3749476.0
JAM,2011,5448811.0,5566909.0
JAM,2012,7773507.0,0
JAM,2013,6839353.0,5664344.0
JAM,2014,7545896.77,6837321.0
JAM,2015,7926071.0,5815323.0
JAM,2016,11385752.0,11425791.8
JAM,2017,11395666.96,11903503.3
JAM,2018,13686124.23,0
JAM,2019,19784021.84,0
JAM,2020,14489288.97,0
JAM,2021,15904897.65,0
JOR,2002,1321592.0,1013298.0
JOR,2003,1464374.0,3721812.0
JOR,2004,3533382.0,13092019.0
JOR,2005,4400564.0,10693179.0
JOR,2006,6450386.0,16822022.0
JOR,2007,17641933.0,19322087.0
JOR,2008,28213925.0,33887483.0
JOR,2009,26078221.0,48496359.0
JOR,2010,27148245.0,38564520.0
JOR,2011,31060619.0,38892307.0
JOR,2012,62396736.0,42191381.0
JOR,2013,108109073.0,48202984.0
JOR,2014,125354400.0,81463159.0
JOR,2015,191124704.0,159164715.0
JOR,2016,173641636.0,127630126.49
JOR,2017,151419978.28,117123415.9
JOR,2018,173840973.13,0
JOR,2019,222548887.58,0
JOR,2020,182580062.28,0
JOR,2021,200482845.3,0
JPN,2002,2528676972.0,2436957891.0
JPN,2003,3094972064.0,2908599723.0
JPN,2004,3857875587.0,3542130129.0
JPN,2005,4544013043.0,4340271921.0
JPN,2006,5292923360.0,5240086602.0
JPN,2007,6123720087.0,6089978312.0
JPN,2008,9094704901.0,8467749670.0
JPN,2009,6956198855.0,6335602139.0
JPN,2010,8174871417.0,7727659574.0
JPN,2011,11552108630.0,11091713170.0
JPN,2012,15083937382.0,13064523504.0
JPN,2013,14233008151.0,13544244953.0
JPN,2014,15416848681.0,14674922642.0
JPN,2015,15141228639.0,14100341294.0
JPN,2016,16237799931.0,14671488768.19
JPN,2017,18533199404.78,16792127679.6
JPN,2018,21135596767.28,18833674920.12
JPN,2019,22484506820.21,20426601608.17
JPN,2020,22046171956.9,19269479104.17
JPN,2021,23001580866.29,20117891770.78
KAZ,2002,82900.0,102337.0
KAZ,2003,1038700.0,591060.0
KAZ,2004,2191353.0,796158.0
KAZ,2005,4291865.0,1466220.0
KAZ,2006,5085892.0,1924581.0
KAZ,2007,12018839.0,5355069.0
KAZ,2008,23167884.0,14006280.0
KAZ,2009,21979426.0,13971679.0
KAZ,2010,27360042.0,15475639.0
KAZ,2011,51802750.0,36257341.0
KAZ,2012,115862000.0,72169053.0
KAZ,2013,235643391.0,154308662.0
KAZ,2014,269930896.0,219050226.0
KAZ,2015,195548231.0,154028234.0
KAZ,2016,198813120.0,141927817.59
KAZ,2017,276542881.56,201458806.2
KAZ,2018,288184756.2,209358771.03
KAZ,2019,309178414.99,241235685.09
KAZ,2020,30619229.81,262562836.04
KAZ,2021,35847348.46,439290453.46
KEN,2002,2419319.0,3003776.0
KEN,2003,5337158.0,5903297.0
KEN,2004,0,21652263.0
KEN,2005,15730135.0,24606966.0
KEN,2006,18421979.0,29091291.0
KEN,2007,7750741.0,9704634.0
KEN,2008,13688201.0,37449209.0
KEN,2009,17282964.0,41589319.0
KEN,2010,24798802.0,42615558.0
KEN,2011,0,62356408.0
KEN,2012,0,64010811.0
KEN,2013,65082799.0,50616707.0
KEN,2014,0,39029307.0
KEN,2015,33265942.0,34490949.0
KEN,2016,58333904.1,58315245.52
KEN,2017,39212580.88,33741270.0
KEN,2018,44951666.22,39278109.32
KEN,2019,38857655.47,38140118.16
KEN,2020,60085577.24,91811731.74
KEN,2021,90394016.12,89340446.91
KGZ,2002,21946.0,52290.0
KGZ,2003,18475.0,67730.0
KGZ,2004,95578.0,4826.0
KGZ,2005,187951.0,39928.0
KGZ,2006,178711.0,42034.0
KGZ,2007,325196.0,345307.0
KGZ,2008,788090.0,1635538.0
KGZ,2009,1215854.0,0
KGZ,2010,3623858.0,0
KGZ,2011,1626729.0,0
KGZ,2012,7576250.0,0
KGZ,2013,3053404.0,6605.0
KGZ,2014,4047302.0,0
KGZ,2015,3683546.0,0
KGZ,2016,3053181.0,0
KGZ,2017,3021490.0,0
KGZ,2018,6228876.0,0
KGZ,2019,7214385.0,0
KGZ,2020,4799766.0,0
KGZ,2021,28626754.0,0
KHM,2002,98527631.0,178412324.0
KHM,2003,129584682.0,267288531.0
KHM,2004,168635405.0,383973668.0
KHM,2005,181888445.0,555638558.0
KHM,2006,270273875.0,780611153.0
KHM,2007,348247078.0,1041067564.0
KHM,2008,471591402.0,1531599666.0
KHM,2009,493812361.0,1166536367.0
KHM,2010,487290700.0,1563822100.0
KHM,2011,882920666.0,2519028736.0
KHM,2012,1055158572.0,2929946418.0
KHM,2013,982294064.0,2933996771.0
KHM,2014,870144935.0,2685436831.0
KHM,2015,926966000.0,2395221415.0
KHM,2016,1415992835.0,2199398046.64
KHM,2017,1682287891.21,2762308779.7
KHM,2018,2220967884.92,3791860146.46
KHM,2019,2724846352.02,4311011850.46
KHM,2020,2655998204.1,4221095951.68
KHM,2021,3019091224.29,4830371480.59
KIR,2002,0,30742.0
KIR,2004,0,212922.0
KIR,2005,32525.0,124141.0
KIR,2006,86635.0,67117.0
KIR,2008,195278.0,0
KIR,2009,565733.0,3435511.0
KIR,2010,687189.0,3132886.0
KIR,2011,738788.0,0
KIR,2012,613386.0,0
KIR,2013,671692.0,0
KIR,2014,694948.85,3103488.0
KIR,2015,1232716.5,1537086.0
KIR,2016,734385.34,6045968.74
KIR,2017,6555240.04,6044068.3
KIR,2018,4200111.64,0
KIR,2020,2596953.57,0
KIR,2021,1148338.52,0
KNA,2002,0,37676.0
KNA,2003,2045.0,246376.0
KNA,2005,312.0,0
KNA,2006,17133.0,0
KNA,2007,14742.0,0
KNA,2008,29488.0,0
KNA,2009,26193.0,0
KNA,2010,8237.0,0
KNA,2011,93387.0,0
KNA,2012,37080.0,0
KNA,2013,20206.0,0
KNA,2014,66684.0,0
KNA,2015,126838.13,0
KNA,2016,973720.05,0
KNA,2017,65668.53,0
KOR,2002,470308596.0,468716207.0
KOR,2003,510700242.0,492124577.0
KOR,2004,673300307.0,608109492.0
KOR,2005,694043322.0,663619865.0
KOR,2006,924856326.0,842892525.0
KOR,2007,1391587987.0,1243353028.0
KOR,2008,2037075386.0,1793525458.0
KOR,2009,2369969904.0,2077777363.0
KOR,2010,3330814526.0,3092225453.0
KOR,2011,5084245632.0,4866729300.0
KOR,2012,5719245799.0,5580892981.0
KOR,2013,7175193078.0,6682944914.0
KOR,2014,7988701165.0,7167478728.0
KOR,2015,9804830607.0,8915383866.0
KOR,2016,12495154372.0,11406058033.79
KOR,2017,16176991730.0,14807156028.1
KOR,2018,19643384556.0,18240594872.28
KOR,2019,21071556716.0,19729245459.74
KOR,2020,20578589447.0,19125191194.83
KOR,2021,23965706578.0,21934463617.35
KWT,2002,8103408.0,2610778.0
KWT,2003,9959752.0,6917100.0
KWT,2004,14959156.0,3650965.0
KWT,2005,0,11808196.0
KWT,2006,34215825.0,11080393.0
KWT,2007,33508366.0,19300345.0
KWT,2008,64982198.0,61492374.0
KWT,2009,0,40905381.0
KWT,2010,48741806.0,29909367.0
KWT,2011,69500894.0,28914936.0
KWT,2012,0,29201876.0
KWT,2013,238009849.0,35281209.0
KWT,2014,398451888.0,72182567.0
KWT,2015,547965833.71,88173780.0
KWT,2016,493179476.92,73260714.39
KWT,2017,463905917.59,62369205.8
KWT,2018,527001043.0,77051420.83
KWT,2019,389304019.0,61657660.55
KWT,2020,359551274.0,62990964.65
KWT,2021,394830635.0,60212736.5
LAO,2002,0,64683243.0
LAO,2003,0,51777430.0
LAO,2004,0,68426488.0
LAO,2005,0,69204101.0
LAO,2006,0,94957885.0
LAO,2007,0,109682466.0
LAO,2008,0,160342217.0
LAO,2009,0,172208605.0
LAO,2010,120699516.0,199986848.0
LAO,2011,259636607.0,286570912.0
LAO,2012,362539277.0,432583949.0
LAO,2013,297365068.0,423186684.0
LAO,2014,411150896.0,484030928.0
LAO,2015,526526091.0,523310656.0
LAO,2016,412994074.0,477757435.17
LAO,2017,369955530.46,518346360.2
LAO,2018,608365676.31,595202779.06
LAO,2019,451468497.59,702545475.31
LAO,2020,402078591.08,569114514.1
LAO,2021,465778241.66,594828430.47
LBN,2002,7442675.0,3924957.0
LBN,2003,8245303.0,4473118.0
LBN,2004,11571000.0,6518314.0
LBN,2005,13792000.0,8235474.0
LBN,2006,19491855.0,17775687.0
LBN,2007,25889557.0,16369959.0
LBN,2008,35353838.0,24333188.0
LBN,2009,50697967.0,36215461.0
LBN,2010,53895529.0,35090038.0
LBN,2011,66549875.0,46204713.0
LBN,2012,80165380.0,53892824.0
LBN,2013,124718909.0,53569079.0
LBN,2014,113483410.0,69592547.0
LBN,2015,103474457.67,57203898.0
LBN,2016,119317323.0,60374166.97
LBN,2017,127566884.0,68988209.7
LBN,2018,156913253.0,0
LBN,2019,158087969.5,0
LBN,2020,57269258.0,0
LBN,2021,42215000.0,0
LBR,2002,0,546966.0
LBR,2003,0,229831.0
LBR,2004,0,1018268.0
LBR,2005,0,21238073.0
LBR,2006,0,1225261.0
LBR,2007,0,1849101.0
LBR,2008,0,38878594.0
LBR,2009,0,3158902.0
LBR,2010,0,35737292.0
LBR,2011,0,57032435.0
LBR,2012,0,17678442.0
LBR,2013,0,11676308.0
LBR,2014,0,38592696.0
LBR,2015,0,98450204.0
LBR,2016,0,36253024.15
LBR,2017,1732981.0,36742271.8
LBR,2018,2326274.28,0
LBR,2019,2786258.79,0
LBR,2020,1317567.03,0
LBR,2021,4619030.28,0
LBY,2002,0,231204.0
LBY,2003,0,625431.0
LBY,2004,0,6109495.0
LBY,2005,0,1697143.0
LBY,2006,0,570406.0
LBY,2007,270166.0,2350045.0
LBY,2008,865434.0,4325604.0
LBY,2009,2309099.0,5398600.0
LBY,2010,4241059.0,8110929.0
LBY,2012,0,27202662.0
LBY,2013,0,29693295.0
LBY,2014,0,30024671.0
LBY,2015,0,32560242.0
LBY,2016,0,19935212.63
LBY,2017,0,18386640.2
LCA,2002,21198.0,290438.0
LCA,2003,35874.0,26634.0
LCA,2004,58502.0,0
LCA,2005,107538.0,38896.0
LCA,2006,109496.0,0
LCA,2007,47946.0,0
LCA,2008,50217.0,0
LCA,2009,116601.0,0
LCA,2010,86368.0,0
LCA,2011,140714.0,0
LCA,2012,143899.0,0
LCA,2013,197067.0,0
LCA,2014,100071.0,0
LCA,2015,177796.0,0
LCA,2016,208331.0,0
LCA,2017,461076.01,0
LCA,2018,1664303.56,0
LCA,2019,1842712.57,0
LCA,2020,1361844.74,0
LKA,2002,5470849.0,6755830.0
LKA,2003,7834747.0,5779545.0
LKA,2004,9002831.0,22121739.0
LKA,2005,11432836.0,20143081.0
LKA,2006,15518777.0,20611724.0
LKA,2007,20928639.0,38234504.0
LKA,2008,28040576.0,40037031.0
LKA,2009,22254459.0,26414068.0
LKA,2010,43852429.0,62368974.0
LKA,2011,98439650.0,83606868.0
LKA,2012,98820223.0,95273738.0
LKA,2013,181337440.0,130350967.0
LKA,2014,192157053.0,166694670.0
LKA,2015,244301096.0,192441620.0
LKA,2016,269571820.0,186731886.88
LKA,2017,280799015.38,224826301.6
LKA,2018,0,204217652.92
LKA,2019,302136596.06,248770339.95
LKA,2020,250791169.56,214600093.77
LKA,2021,426650971.2,350799660.96
LSO,2002,0,159531.0
LSO,2003,165050.61,0
LSO,2004,65882.52,0
LSO,2005,0,99697.0
LSO,2010,1473930.1,0
LSO,2011,7107.71,0
LSO,2012,3317184.16,15744395.0
LSO,2013,8936401.8,17465825.0
LSO,2014,8221856.12,11707690.0
LSO,2015,18287354.69,16110640.0
LSO,2016,9944829.65,11649576.81
LSO,2018,8492110.14,0
LSO,2019,7795347.35,0
LSO,2020,8653838.66,0
LSO,2021,11546654.44,0
LTU,2002,3255450.0,5446990.0
LTU,2003,4784123.0,4283476.0
LTU,2004,3857184.0,7265220.0
LTU,2005,4882694.0,16341775.0
LTU,2006,8009687.0,14099328.0
LTU,2007,13288423.0,17443391.0
LTU,2008,25420553.0,29900706.0
LTU,2009,27249758.0,37748863.0
LTU,2010,16301626.0,24230504.0
LTU,2011,15745488.0,22597905.0
LTU,2012,19633017.0,36880978.0
LTU,2013,15610366.0,43057196.0
LTU,2014,20664619.0,51429066.0
LTU,2015,23670968.0,37772201.0
LTU,2016,23620737.0,48345055.41
LTU,2017,28079257.0,60214626.3
LTU,2018,27771153.0,68855720.01
LTU,2019,38240602.0,117461993.77
LTU,2020,43536134.0,104306159.22
LTU,2021,67314656.0,102274126.37
LUX,2002,187773.0,321552.0
LUX,2003,123789.0,21790.0
LUX,2004,228746.0,107628.0
LUX,2005,204138.0,135278.0
LUX,2006,66835.0,589639.0
LUX,2007,185937.0,486305.0
LUX,2008,8087824.0,0
LUX,2009,23967546.0,17262317.0
LUX,2010,13110521.0,22557354.0
LUX,2011,11438983.0,27171398.0
LUX,2012,13955408.0,29073657.0
LUX,2013,69234768.0,43033098.0
LUX,2014,99114348.0,31517157.0
LUX,2015,83495572.0,40184309.0
LUX,2016,99771503.0,31624136.86
LUX,2017,128833642.71,35792281.5
LUX,2018,166758507.31,93042508.94
LUX,2019,166039089.89,51030694.17
LUX,2020,165794782.96,64895549.86
LUX,2021,225425663.3,126837289.34
LVA,2002,1339400.45,1083145.0
LVA,2003,2141364.67,3332025.0
LVA,2004,2691866.81,3490662.0
LVA,2005,3306621.5,3676907.0
LVA,2006,3835196.46,5084668.0
LVA,2007,5043054.79,8932620.0
LVA,2008,8381201.79,11697465.0
LVA,2009,7381090.1,10247614.0
LVA,2010,7389964.0,10002656.0
LVA,2011,20350328.0,40636705.0
LVA,2012,58175146.0,72513943.0
LVA,2013,112998151.0,102283249.0
LVA,2014,109421382.46,136963661.0
LVA,2015,112439582.19,138564722.0
LVA,2016,121896726.55,152301640.92
LVA,2017,133435994.74,157980452.1
LVA,2018,159415504.27,178126966.62
LVA,2019,183708949.76,204511693.16
LVA,2020,194701831.13,209926025.01
LVA,2021,212195340.85,219244105.3
MAC,2002,1508301.21,475110.0
MAC,2003,2009331.72,878036.0
MAC,2004,5778167.77,2417659.0
MAC,2005,7892792.27,1744428.0
MAC,2006,8779055.44,7033659.0
MAC,2007,11312795.31,3246894.0
MAC,2008,12771469.31,11578525.0
MAC,2009,13617000.72,0
MAC,2010,14336505.21,0
MAC,2011,19005454.29,0
MAC,2012,24082520.59,3375316.0
MAC,2013,28323148.33,0
MAC,2014,33237795.04,104750.0
MAC,2015,4681496.0,22475052.0
MAC,2016,48331815.0,8030885.78
MAC,2017,56513849.12,5933005.2
MAC,2018,70802416.26,0
MAC,2019,82145154.7,0
MAC,2020,72419204.03,0
MAC,2021,82288860.66,0
MAR,2002,3558010.44,3033993.0
MAR,2003,5667837.06,3332082.0
MAR,2004,12168648.19,8880061.0
MAR,2005,16113303.59,10859515.0
MAR,2006,19871093.13,11128790.0
MAR,2007,39790603.34,27486496.0
MAR,2008,46772009.72,30222147.0
MAR,2009,47200463.52,29044877.0
MAR,2010,40299531.0,28330098.0
MAR,2011,51244204.0,40488481.0
MAR,2012,128222257.0,82033262.0
MAR,2013,145902455.0,100962618.0
MAR,2014,187541567.0,147206865.0
MAR,2015,195027899.59,145986327.0
MAR,2016,270861586.0,175812439.98
MAR,2017,215787275.85,155555966.3
MAR,2018,243236125.04,185920904.33
MAR,2019,263441879.47,195597449.62
MAR,2020,268654725.92,160397941.59
MAR,2021,333893045.57,202220899.09
MDA,2002,1959702.0,721784.0
MDA,2003,3920163.0,1072966.0
MDA,2004,1477468.0,465495.0
MDA,2005,3317337.0,1741929.0
MDA,2006,5221605.0,1252647.0
MDA,2007,9436498.0,2082791.0
MDA,2008,15732231.0,5508831.0
MDA,2009,15849118.0,4799574.0
MDA,2010,15430250.0,3104542.0
MDA,2011,17873889.0,0
MDA,2012,17288917.0,0
MDA,2013,18260392.0,0
MDA,2014,15420075.0,0
MDA,2015,11818202.0,0
MDA,2016,22381564.0,0
MDA,2017,38383978.0,0
MDA,2018,38634011.0,0
MDA,2019,47233331.0,0
MDA,2020,45229711.0,0
MDA,2021,52818284.0,0
MDG,2002,147717.49,420151.0
MDG,2003,837444.52,935691.0
MDG,2004,2690579.5,2141193.0
MDG,2005,4144007.53,3579172.0
MDG,2006,5625557.11,3012730.0
MDG,2007,18345757.82,9353838.0
MDG,2008,15590475.58,9847166.0
MDG,2009,8594800.17,5206793.0
MDG,2010,4307086.95,4532986.0
MDG,2011,6052374.71,0
MDG,2012,8100962.96,0
MDG,2013,25144725.72,33991196.0
MDG,2014,16693711.69,9059007.0
MDG,2015,33169416.16,15678065.0
MDG,2016,17695946.69,12021804.11
MDG,2017,19627748.77,8487721.0
MDG,2018,24332077.49,0
MDG,2019,22151088.59,0
MDG,2020,20847447.28,0
MDG,2021,37941235.52,0
MDV,2002,150.0,3401.0
MDV,2003,5415.0,46899.0
MDV,2004,270494.0,270079.0
MDV,2005,337501.0,396725.0
MDV,2006,67611.0,729367.0
MDV,2007,228726.0,502169.0
MDV,2008,521226.0,0
MDV,2009,379195.0,0
MDV,2010,156021.0,0
MDV,2011,1052735.0,0
MDV,2012,2353458.0,0
MDV,2013,4245567.0,0
MDV,2014,6380324.0,2481.0
MDV,2015,7090105.0,0
MDV,2016,8892617.0,9655310.34
MDV,2017,11547591.72,0
MDV,2018,13149191.93,0
MDV,2019,14362960.17,0
MDV,2020,12522480.76,0
MDV,2021,12976397.6,0
MEX,2002,108499990.0,60484580.0
MEX,2003,118222534.0,78292883.0
MEX,2004,177532755.0,127743399.0
MEX,2005,274399690.0,191535105.0
MEX,2006,376884661.0,285516776.0
MEX,2007,473284342.0,360380726.0
MEX,2008,614161818.0,436441894.0
MEX,2009,613522980.0,359089700.0
MEX,2010,835804944.0,488829219.0
MEX,2011,973263444.0,589749217.0
MEX,2012,1153986894.0,682770407.0
MEX,2013,1486020588.0,891974140.0
MEX,2014,2090830961.0,1035857987.0
MEX,2015,3691584511.0,1545548003.0
MEX,2016,4012516297.0,1888365829.56
MEX,2017,4615636985.0,2338388980.8
MEX,2018,4410722135.0,2239575584.8
MEX,2019,6079020615.0,2829015252.43
MEX,2020,6604432873.0,3157097247.38
MEX,2021,8608257391.0,4562565162.41
MKD,2002,1249869.52,1192098.0
MKD,2003,1012954.54,658562.0
MKD,2004,1094949.35,366850.0
MKD,2005,1548244.4,81473.0
MKD,2006,2115547.66,114992.0
MKD,2007,4037671.89,630601.0
MKD,2008,7587331.14,0
MKD,2009,5929315.62,0
MKD,2010,6538635.31,1008357.0
MKD,2011,8472951.0,0
MKD,2012,11789297.0,0
MKD,2013,18459423.0,0
MKD,2014,22230975.0,0
MKD,2015,27365105.85,0
MKD,2016,41420158.05,0
MKD,2017,57098004.8,0
MKD,2018,63480831.8,0
MKD,2019,60520256.3,0
MKD,2020,59379420.32,0
MKD,2021,63056313.8,0
MLI,2002,2063272.0,1469881.0
MLI,2003,2842150.0,1706104.0
MLI,2004,1716969.0,1266436.0
MLI,2005,17201626.0,1537653.0
MLI,2006,10199437.0,2880323.0
MLI,2007,9313095.0,6819334.0
MLI,2008,1028790.0,3593208.0
MLI,2010,5762400.0,5760257.0
MLI,2011,16581007.0,5541704.0
MLI,2012,17606283.0,8844638.0
MLI,2013,0,14213317.0
MLI,2014,0,7246591.0
MLI,2015,0,1312889.0
MLI,2016,6531753.0,4691234.94
MLI,2017,3667956.0,30512813.0
MLI,2018,1644303.62,0
MLI,2019,5883331.7,0
MLI,2020,12296136.08,0
MLI,2021,15022759.2,0
MLT,2002,768467.0,240750.0
MLT,2003,1211398.0,505694.0
MLT,2004,869226.0,757700.0
MLT,2005,1211697.0,2120263.0
MLT,2006,7106154.0,1926011.0
MLT,2007,1416920.0,1241498.0
MLT,2008,2343219.0,2809564.0
MLT,2009,2273623.0,3311793.0
MLT,2010,4238597.0,3452722.0
MLT,2011,9580153.0,0
MLT,2012,2389086.0,19846349.0
MLT,2013,2928975.0,8457904.0
MLT,2014,3508783.0,9599465.0
MLT,2015,2562293.0,95686837.0
MLT,2016,11239516.0,72725371.42
MLT,2017,599716.29,12825289.7
MLT,2018,26275036.46,74478024.65
MLT,2019,28097574.34,10185393.05
MLT,2020,4662816.43,14079606.98
MLT,2021,5110020.05,9516906.56
MMR,2002,0,7125061.0
MMR,2003,0,12525791.0
MMR,2004,0,14014932.0
MMR,2005,0,11977525.0
MMR,2006,0,16464508.0
MMR,2007,0,21810772.0
MMR,2008,0,32634653.0
MMR,2009,0,33942022.0
MMR,2010,38024445.11,49520721.0
MMR,2011,59364304.0,82457761.0
MMR,2012,55372276.0,117812721.0
MMR,2013,147507847.0,229746918.0
MMR,2014,238349413.6,344982811.0
MMR,2015,268723728.34,375723829.0
MMR,2016,355188016.74,461627012.94
MMR,2017,571956218.01,701397284.7
MMR,2018,586467983.29,702069961.24
MMR,2019,624908289.27,721494364.61
MMR,2020,588105393.34,633261187.18
MMR,2021,336596507.47,408279794.18
MNE,2006,3215528.0,0
MNE,2007,4830614.0,0
MNE,2008,6819103.0,0
MNE,2009,5907855.0,0
MNE,2010,4967116.0,1923182.0
MNE,2011,5949015.0,0
MNE,2012,6643207.0,0
MNE,2013,7581655.0,0
MNE,2014,11720373.0,0
MNE,2015,13431363.0,0
MNE,2016,15801574.74,0
MNE,2017,16325914.2,0
MNE,2018,18728611.41,0
MNE,2019,22504167.98,0
MNE,2020,24380786.26,0
MNE,2021,24853774.95,0
MNG,2002,0,1220146.0
MNG,2003,1728031.0,1052478.0
MNG,2004,2200116.0,1715933.0
MNG,2005,2568915.0,2406086.0
MNG,2006,2961639.0,2991068.0
MNG,2007,5504118.0,5060307.0
MNG,2008,0,7463268.0
MNG,2009,0,9827598.0
MNG,2012,0,15633627.0
MNG,2013,22304470.0,18333267.0
MNG,2014,24405922.0,17500778.0
MNG,2015,29132940.0,13156273.0
MNG,2016,40139187.0,19073376.87
MNG,2017,39798749.78,14405847.2
MNG,2018,48950984.91,0
MNG,2019,56968655.7,0
MNG,2020,56052326.82,0
MNG,2021,79716589.68,0
MOZ,2002,22678.0,24990.0
MOZ,2003,1031410.0,6357223.0
MOZ,2004,9719905.0,12805550.0
MOZ,2005,33580552.0,32556572.0
MOZ,2006,11322942.0,10076752.0
MOZ,2007,7977929.0,10869325.0
MOZ,2008,24233816.0,25357305.0
MOZ,2009,32613713.0,41527240.0
MOZ,2010,10730195.0,32827540.0
MOZ,2011,57211000.0,71666179.0
MOZ,2012,56840730.0,85730728.0
MOZ,2013,120565870.0,91008997.0
MOZ,2014,124692750.0,78547993.0
MOZ,2015,76956216.86,59580391.0
MOZ,2016,66179558.69,72292753.82
MOZ,2017,81202713.8,71943833.9
MOZ,2018,38022098.78,64916365.99
MOZ,2019,72787601.34,63354828.54
MOZ,2020,72016850.61,53462391.76
MOZ,2021,71198683.22,87731059.54
MRT,2002,40789.0,1226699.0
MRT,2003,2105.0,524440.0
MRT,2004,61176.0,915600.0
MRT,2005,74733.0,75775.0
MRT,2007,119390.0,0
MRT,2008,592165.0,0
MRT,2009,964029.0,0
MRT,2010,620457.0,0
MRT,2011,749530.0,0
MRT,2012,4428167.0,10367333.0
MRT,2013,962596.0,5476764.0
MRT,2014,1613533.0,6841672.0
MRT,2015,2771685.24,9285399.0
MRT,2016,4389492.0,11000678.05
MRT,2017,237806.28,3296897.5
MRT,2018,207676.33,0
MRT,2019,33510507.85,0
MRT,2020,504033.03,0
MRT,2021,496164.84,0
MUS,2002,1726430.0,1106217.0
MUS,2003,1978248.0,1068297.0
MUS,2004,2245362.0,1145420.0
MUS,2005,3004664.0,244650.0
MUS,2006,3455757.0,0
MUS,2007,5510726.0,0
MUS,2008,10068143.0,0
MUS,2009,21616329.0,7242435.0
MUS,2010,9027618.0,0
MUS,2011,10256490.0,9563734.0
MUS,2012,16560479.0,12634434.0
MUS,2013,86135743.0,72750205.0
MUS,2014,199974543.0,67463067.0
MUS,2015,206177056.0,112049330.0
MUS,2016,95658138.02,29939988.87
MUS,2017,42376821.63,31515077.2
MUS,2018,40607203.0,0
MUS,2019,36365394.08,0
MUS,2020,39783725.92,0
MUS,2021,53356240.38,0
MWI,2002,31242.26,182287.0
MWI,2003,32872.89,75313.0
MWI,2004,140387.42,646458.0
MWI,2005,837407.61,357222.0
MWI,2006,237225.46,271938.0
MWI,2007,1027258.64,0
MWI,2008,1784350.57,0
MWI,2009,3499379.09,0
MWI,2010,736795.16,0
MWI,2011,1227001.43,0
MWI,2012,3913928.28,0
MWI,2013,2685151.77,0
MWI,2014,2394902.82,0
MWI,2015,2368413.01,0
MWI,2016,5850688.38,0
MWI,2017,5952010.25,0
MWI,2018,10716504.45,0
MWI,2019,10703673.06,0
MWI,2020,4221803.63,0
MWI,2021,2443192.09,0
MYS,2002,328164855.0,347750791.0
MYS,2003,365536420.0,453839241.0
MYS,2004,575744270.0,624320462.0
MYS,2005,1020022683.0,1028333025.0
MYS,2006,1413930559.0,1216589602.0
MYS,2007,1835527921.0,1554974014.0
MYS,2008,2310137125.0,2030402425.0
MYS,2009,2064523845.0,1775157304.0
MYS,2010,2598913932.0,2093117901.0
MYS,2011,3376825672.0,2770807985.0
MYS,2012,5207817807.0,4500284114.0
MYS,2013,6035697612.0,4984467878.0
MYS,2014,4665923579.0,3926398319.0
MYS,2015,4843910418.0,3577076596.0
MYS,2016,4535963673.0,3341986324.58
MYS,2017,5267866122.52,4204340138.9
MYS,2018,4821895640.19,4064629590.09
MYS,2019,4728820896.22,3789343112.22
MYS,2020,4285012696.28,3387832901.0
MYS,2021,5735376759.66,4383038018.64
NAM,2002,1975.0,16585.0
NAM,2003,18796.0,10637.0
NAM,2004,8173.0,66055.0
NAM,2005,1324989.0,898690.0
NAM,2006,780695.0,499111.0
NAM,2007,399731.0,1640809.0
NAM,2008,121097.0,0
NAM,2009,1425180.0,0
NAM,2010,805492.0,1354542.0
NAM,2011,310585.0,0
NAM,2012,934284.0,0
NAM,2013,243049.0,782233.0
NAM,2014,1732901.0,1608261.0
NAM,2015,1663610.0,1596402.0
NAM,2016,227781.0,0
NAM,2017,1351458.13,0
NAM,2018,2215536.31,0
NAM,2019,2835827.89,0
NAM,2020,2553437.18,0
NAM,2021,3110257.17,0
NCL,2002,2797442.0,353558.0
NCL,2003,3630609.0,414298.0
NCL,2004,7147256.0,1209187.0
NCL,2005,13694331.0,1191413.0
NCL,2006,6144214.0,2111527.0
NCL,2007,6481211.0,1510142.0
NCL,2008,17098635.0,3823190.0
NCL,2009,8545362.0,3477994.0
NCL,2010,13816773.0,7749064.0
NCL,2011,15916734.0,10610464.0
NCL,2012,16984377.0,8924784.0
NCL,2013,14575766.0,8011289.0
NCL,2014,16708173.0,4981111.0
NCL,2015,26661302.0,9958345.0
NER,2002,1175733.0,785222.0
NER,2003,1181634.0,1300207.0
NER,2004,9330821.0,5729718.0
NER,2005,20043778.0,6496479.0
NER,2006,8879859.0,2905470.0
NER,2007,3338357.0,1288864.0
NER,2008,18086911.0,4171785.0
NER,2009,15220454.0,0
NER,2010,22113379.0,0
NER,2011,2901771.0,0
NER,2012,5266012.0,0
NER,2013,8073830.0,0
NER,2014,6367873.0,0
NER,2015,4521102.0,0
NER,2016,3473167.6,0
NER,2017,6254149.11,0
NER,2018,11614570.65,0
NER,2019,641419.0,0
NER,2020,13307659.38,0
NER,2021,12379242.62,0
NGA,2002,6082705.0,9408036.0
NGA,2003,6943599.0,10513256.0
NGA,2004,0,11352108.0
NGA,2005,0,17110277.0
NGA,2006,14327497.0,32956928.0
NGA,2007,16410008.0,34112234.0
NGA,2008,44968229.0,64179932.0
NGA,2009,35551190.0,66881020.0
NGA,2010,19022007.0,109756343.0
NGA,2011,45932275.0,70524107.0
NGA,2012,125798669.0,112683620.0
NGA,2013,55865726.0,147878312.0
NGA,2014,97594120.0,182849536.0
NGA,2015,58775059.77,112998276.0
NGA,2016,20953158.0,71353127.55
NGA,2017,25586294.05,63771875.1
NGA,2018,36950286.87,115451428.94
NGA,2019,68745254.02,127114377.61
NGA,2020,139725458.82,134956891.0
NGA,2021,104120888.78,158042139.82
NIC,2002,277176.0,77005.0
NIC,2003,142919.0,446810.0
NIC,2004,213350.0,477030.0
NIC,2005,2008790.0,1463642.0
NIC,2006,3344628.0,1795120.0
NIC,2007,3341429.0,2639819.0
NIC,2008,2103372.0,2503912.0
NIC,2009,3681254.0,3877294.0
NIC,2010,5989293.0,5365091.0
NIC,2011,7330346.0,11366099.0
NIC,2012,7353993.0,8029848.0
NIC,2013,9331049.0,0
NIC,2014,11809030.0,0
NIC,2015,21224391.0,16454332.0
NIC,2016,37003759.75,22594323.03
NIC,2017,39044006.32,21795350.9
NIC,2018,35640696.76,0
NIC,2019,39502896.59,0
NIC,2020,43549114.06,0
NIC,2021,49799450.59,0
NLD,2002,307943446.0,404251621.0
NLD,2003,359502285.0,492990000.0
NLD,2004,481138544.0,581910674.0
NLD,2005,468276021.0,659165827.0
NLD,2006,627444392.0,857431100.0
NLD,2007,846594005.0,1182131717.0
NLD,2008,1078766172.0,1577431748.0
NLD,2009,1011903847.0,1355633335.0
NLD,2010,1190340299.0,1688311695.0
NLD,2011,1585139477.67,2147980219.0
NLD,2012,2059772514.53,2476218372.0
NLD,2013,2511604806.82,2936240559.0
NLD,2014,2675579455.96,3762224849.0
NLD,2015,4693483533.44,4759559991.0
NLD,2016,5610609019.05,6011626551.51
NLD,2017,5991264361.93,7098906923.5
NLD,2018,5893497104.9,7085098926.14
NLD,2019,6403949028.48,6882619868.81
NLD,2020,6942433861.3,6995473585.37
NLD,2021,7300802782.26,7682035681.84
NOR,2002,50401820.45,16755961.0
NOR,2003,69805183.74,20904231.0
NOR,2004,89084497.75,23474304.0
NOR,2005,103216245.22,32697929.0
NOR,2006,116553022.81,38060833.0
NOR,2007,142136478.37,49149307.0
NOR,2008,176533866.51,93780535.0
NOR,2009,167556385.33,51429331.0
NOR,2010,312591570.0,74093626.0
NOR,2011,243942781.0,89778406.0
NOR,2012,387352961.0,125774324.0
NOR,2013,399756844.0,109133894.0
NOR,2014,401582531.0,117243307.0
NOR,2015,341493796.16,103406256.0
NOR,2016,391902596.0,117747723.02
NOR,2017,546138992.41,115364743.9
NOR,2018,591810047.33,115070008.08
NOR,2019,723396574.94,129542867.36
NOR,2020,864304544.26,216793059.11
NOR,2021,962063495.74,135132764.64
NPL,2002,0,771050.0
NPL,2003,2058763.0,927174.0
NPL,2004,0,1151367.0
NPL,2005,0,1620802.0
NPL,2006,0,1365466.0
NPL,2007,0,1419795.0
NPL,2008,0,2211151.0
NPL,2009,4690381.0,0
NPL,2010,6199346.0,2284743.0
NPL,2011,27804259.0,0
NPL,2012,17980541.0,9170957.0
NPL,2013,33671728.0,23416325.0
NPL,2014,55040678.0,27703525.0
NPL,2015,42375846.0,24241142.0
NPL,2016,68929105.38,33714925.25
NPL,2017,91007158.76,44127476.4
NPL,2018,118126117.35,0
NPL,2019,88570355.29,0
NPL,2020,63150928.26,0
NPL,2021,77546752.89,0
NZL,2002,34065980.0,21186277.0
NZL,2003,41037286.0,24972578.0
NZL,2004,72418674.0,46853322.0
NZL,2005,72102015.0,47493864.0
NZL,2006,95590406.0,54134317.0
NZL,2007,99592546.0,67051420.0
NZL,2008,118601156.0,76641767.0
NZL,2009,97293937.0,70504083.0
NZL,2010,162327430.1,122644705.0
NZL,2011,202629335.73,151377389.0
NZL,2012,263789663.47,183981092.0
NZL,2013,380400003.54,273899146.0
NZL,2014,409198253.71,315858240.0
NZL,2015,424367050.78,324986556.0
NZL,2016,455760506.11,359910904.97
NZL,2017,589906292.47,457240053.5
NZL,2018,638984218.68,504180668.01
NZL,2019,696227119.02,542653827.64
NZL,2020,626138696.63,498795796.08
NZL,2021,913608315.73,701972594.25
OMN,2002,1031448.0,679572.0
OMN,2003,1757305.0,537635.0
OMN,2004,1954980.0,2114504.0
OMN,2005,1221586.0,3166275.0
OMN,2006,5511178.0,5773546.0
OMN,2007,7559531.0,8416545.0
OMN,2008,8034134.0,7366187.0
OMN,2009,8647905.0,7413129.0
OMN,2010,11127438.0,7660814.0
OMN,2011,17788745.0,18120432.0
OMN,2012,25941662.0,13424764.0
OMN,2013,23990422.0,13267358.0
OMN,2014,60836499.08,39323394.0
OMN,2015,105473270.09,33246311.0
OMN,2016,117454080.46,28864606.89
OMN,2017,73629559.04,40852956.9
OMN,2018,58894051.92,0
OMN,2019,27404621.72,0
OMN,2020,41487590.54,0
OMN,2021,37961973.93,0
PAK,2002,0,21512895.0
PAK,2003,11061721.0,23099718.0
PAK,2004,16676723.0,39739729.0
PAK,2005,18787282.0,42362551.0
PAK,2006,34967722.0,65490300.0
PAK,2007,35745090.0,82259478.0
PAK,2008,37903823.0,96033551.0
PAK,2009,56826476.0,110405264.0
PAK,2010,76509222.0,133598910.0
PAK,2011,112010350.0,168412630.0
PAK,2012,97975828.0,174790045.0
PAK,2013,108301607.0,187325938.0
PAK,2014,146212599.0,282460010.0
PAK,2015,226986213.0,419749951.0
PAK,2016,280327276.0,435625445.63
PAK,2017,435797028.59,494681854.8
PAK,2018,351198126.51,403741938.4
PAK,2019,480174313.97,358298840.89
PAK,2020,437951683.58,396858657.0
PAK,2021,577396817.62,598005536.1
PAN,2002,67123.0,13336834.0
PAN,2003,226222.0,13948602.0
PAN,2004,522637.0,44693549.0
PAN,2005,457348.0,42860198.0
PAN,2006,74090913.0,77849707.0
PAN,2007,89039509.0,117955883.0
PAN,2008,132157552.0,164537774.0
PAN,2009,123741230.0,135305709.0
PAN,2010,163155360.0,173758121.0
PAN,2011,242906372.0,227433484.0
PAN,2012,284270753.0,237248450.0
PAN,2013,321224888.0,234515670.0
PAN,2014,300306354.0,271986153.0
PAN,2015,312810725.0,268848827.0
PAN,2016,335475250.0,259531613.29
PAN,2017,412033633.0,325012084.7
PAN,2018,329568742.0,265019411.65
PAN,2019,467488184.0,337493766.63
PAN,2020,279685207.0,309230053.05
PAN,2021,48041203.0,462193192.98
PER,2002,3181712.0,1242716.0
PER,2003,4689461.0,2486922.0
PER,2004,10349487.0,6065796.0
PER,2005,15795309.0,8125371.0
PER,2006,19753950.0,12580692.0
PER,2007,26565409.0,16470866.0
PER,2008,44074172.0,35696945.0
PER,2009,42802676.0,25597582.0
PER,2010,62966269.98,38335748.0
PER,2011,102492267.93,76249728.0
PER,2012,148296371.39,100591952.0
PER,2013,180314397.65,109792222.0
PER,2014,265224379.15,186889626.0
PER,2015,402698174.22,238235113.0
PER,2016,379020437.39,277474580.1
PER,2017,402059347.83,330439013.6
PER,2018,353114401.38,250166285.65
PER,2019,491689854.82,341370014.29
PER,2020,471704370.66,303199905.2
PER,2021,838744408.9,560026636.02
PHL,2002,295330387.0,315220575.0
PHL,2003,319323373.0,340003344.0
PHL,2004,465787009.0,498555547.0
PHL,2005,834576082.0,828968493.0
PHL,2006,723235088.0,782833475.0
PHL,2007,906458066.0,965138742.0
PHL,2008,1800733700.0,1824665694.0
PHL,2009,1401718464.0,1461857757.0
PHL,2010,1754068057.0,1706401286.0
PHL,2011,911685405.0,1535312982.0
PHL,2012,1021136457.0,1871461816.0
PHL,2013,870845194.0,1732313379.0
PHL,2014,1347809449.0,2310333489.0
PHL,2015,1273130420.0,2016400548.0
PHL,2016,1982274479.0,2219874628.81
PHL,2017,2802589162.0,2833417324.1
PHL,2018,3225057820.47,3464941934.0
PHL,2019,3860033335.0,3734029201.0
PHL,2020,3337764288.0,3563388565.99
PHL,2021,4469488399.0,4579179310.78
PLW,2003,0,523390.0
PLW,2004,0,39925.0
PLW,2005,0,90208.0
PLW,2007,87965.0,0
PLW,2008,50285.0,0
PLW,2009,1.0,0
PLW,2010,8200.0,0
PLW,2011,37.0,0
PLW,2012,93673.0,0
PLW,2013,118759.0,0
PLW,2014,202118.0,0
PLW,2015,914703.0,0
PLW,2016,182995.0,0
PLW,2017,262740.71,0
PLW,2018,500068.17,0
PNG,2002,230913.0,395040.0
PNG,2003,238220.0,2086058.0
PNG,2004,16726392.0,3954474.0
PNG,2005,0,10193231.0
PNG,2006,0,7839645.0
PNG,2007,0,14732161.0
PNG,2008,0,25659838.0
PNG,2009,0,30029145.0
PNG,2010,0,15616706.0
PNG,2011,41787286.0,24711106.0
PNG,2012,40049647.0,29531182.0
PNG,2013,0,18097859.0
PNG,2014,0,79971511.0
PNG,2015,0,126691030.0
PNG,2016,0,129223525.95
PNG,2017,0,255508607.4
PNG,2019,77267367.13,0
PNG,2020,69965601.89,0
PNG,2021,48307047.43,0
POL,2002,119137000.0,67892739.0
POL,2003,128745000.0,83633569.0
POL,2004,167639672.0,82171808.0
POL,2005,191300594.0,81789466.0
POL,2006,259159683.0,160126762.0
POL,2007,375347426.0,220881665.0
POL,2008,529805340.0,266662319.0
POL,2009,418305290.0,185308326.0
POL,2010,508787794.0,241222170.0
POL,2011,779652453.0,445513605.0
POL,2012,813594849.0,328165106.0
POL,2013,1142266829.0,350770344.0
POL,2014,1288211231.0,509060702.0
POL,2015,1510008027.0,585158080.0
POL,2016,1649982492.0,597612619.83
POL,2017,1912850665.0,774505357.0
POL,2018,2951168623.0,1334961737.69
POL,2019,2865796740.0,1500932485.11
POL,2020,3288295955.0,1773430601.64
POL,2021,4073704390.0,2066904239.74
PRT,2002,7915795.0,5571201.0
PRT,2003,12942370.0,10414428.0
PRT,2004,16547273.0,16201443.0
PRT,2005,20843198.0,22911066.0
PRT,2006,26405295.0,32796645.0
PRT,2007,44223697.0,52115739.0
PRT,2008,68402831.0,85247834.0
PRT,2009,69263591.0,93173987.0
PRT,2010,83832746.0,94731552.0
PRT,2011,135098833.0,153030468.0
PRT,2012,179532172.0,173337007.0
PRT,2013,260707397.0,245029074.0
PRT,2014,247101357.0,272696890.0
PRT,2015,257321503.97,287903762.0
PRT,2016,276805484.79,292071784.87
PRT,2017,319395816.27,330621499.3
PRT,2018,419416067.44,398619645.75
PRT,2019,403050109.94,395080492.72
PRT,2020,358370132.02,375632019.58
PRT,2021,530608260.11,564721675.46
PRY,2002,371376.0,269294.0
PRY,2003,408651.0,313888.0
PRY,2004,558114.0,444254.0
PRY,2005,1248989.0,1390511.0
PRY,2006,2933932.0,2310832.0
PRY,2007,2906193.0,3338964.0
PRY,2008,7176157.0,7371946.0
PRY,2009,5065420.0,3493840.0
PRY,2010,6859564.0,7147472.0
PRY,2011,13773383.0,13448305.0
PRY,2012,11254802.0,10444417.0
PRY,2013,11382687.0,10440476.0
PRY,2014,27103066.0,27256580.0
PRY,2015,50286413.0,30255145.0
PRY,2016,30696303.0,26691188.93
PRY,2017,61347415.0,38739221.5
PRY,2018,42307086.0,24861069.3
PRY,2019,76461239.0,50715519.74
PRY,2020,76185000.0,54556247.98
PRY,2021,126096635.0,67760027.06
PSE,2007,209307.23,0
PSE,2008,1623055.34,0
PSE,2009,3463394.94,0
PSE,2010,3186038.86,0
PSE,2011,4803690.0,0
PSE,2012,5809984.0,0
PSE,2013,5883311.0,0
PSE,2014,7204213.0,0
PSE,2015,8616775.0,0
PSE,2016,8918552.0,0
PSE,2017,9132445.1,0
PSE,2018,14273610.69,0
PSE,2019,15110357.94,0
PSE,2020,14819091.32,0
PSE,2021,15929214.32,0
PYF,2002,602749.0,26420.0
PYF,2003,886527.0,0
PYF,2004,1096503.0,0
PYF,2005,1337566.0,241414.0
PYF,2006,1478464.0,0
PYF,2007,1814570.0,0
PYF,2008,2097261.0,0
PYF,2009,2695367.0,0
PYF,2010,2412206.0,0
PYF,2011,2218704.0,0
PYF,2012,5903618.0,0
PYF,2013,8472866.0,0
PYF,2014,8589649.0,0
PYF,2015,8309273.0,0
PYF,2016,9758057.35,0
PYF,2017,21450385.21,0
PYF,2018,17110979.8,0
PYF,2019,21520467.07,0
PYF,2020,14919431.23,0
PYF,2021,22224444.6,0
QAT,2002,1492532.0,320790.0
QAT,2003,1590037.79,185461.0
QAT,2004,1915953.1,500499.0
QAT,2005,5906464.0,4352679.0
QAT,2006,29679757.0,15713346.0
QAT,2007,42622018.0,16742994.0
QAT,2008,50136734.0,19527583.0
QAT,2009,0,26284887.0
QAT,2010,28215136.0,10008119.0
QAT,2011,0,17318030.0
QAT,2012,107197710.89,18569018.0
QAT,2013,187573477.23,15211964.0
QAT,2014,254135447.0,36582433.0
QAT,2015,278763461.84,42075464.0
QAT,2016,275409895.28,30353515.29
QAT,2017,268195196.09,52839169.4
QAT,2018,244607048.28,79836993.06
QAT,2019,246933973.39,133261203.43
QAT,2020,499945806.92,375896424.57
QAT,2021,229677205.93,85028940.93
ROU,2002,14193757.36,10566245.0
ROU,2003,17154574.52,11815975.0
ROU,2004,21671676.39,14419745.0
ROU,2005,28413861.5,15501360.0
ROU,2006,45166023.92,20548144.0
ROU,2007,37905069.73,32317247.0
ROU,2008,66364301.51,77600795.0
ROU,2009,85760283.04,76623465.0
ROU,2010,96734052.0,77667819.0
ROU,2011,96308375.0,74434034.0
ROU,2012,104053913.0,80605700.0
ROU,2013,81441391.0,71513377.0
ROU,2014,89509286.0,99228075.0
ROU,2015,97466969.0,102173644.0
ROU,2016,111374632.0,97208588.97
ROU,2017,168357985.19,119562997.4
ROU,2018,169890779.87,146825029.16
ROU,2019,207588804.71,193902030.46
ROU,2020,224167200.88,220067605.4
ROU,2021,227251257.38,211222147.73
RUS,2002,81415726.0,187361455.0
RUS,2003,77089607.0,159613210.0
RUS,2004,100536546.0,215816388.0
RUS,2005,174080682.0,251855124.0
RUS,2006,349745768.0,413211491.0
RUS,2007,522146342.0,458451778.0
RUS,2008,851020524.0,671955189.0
RUS,2009,693461733.0,414892128.0
RUS,2010,1110810579.0,829700871.0
RUS,2011,1722183028.0,1287323795.0
RUS,2012,2273413057.0,1617853355.0
RUS,2013,2596994747.0,1921169052.0
RUS,2014,2295705205.0,1724910620.0
RUS,2015,2055373843.0,1438336839.0
RUS,2016,2516944882.19,1616085663.54
RUS,2017,3432379151.07,2165650057.6
RUS,2018,3624193117.19,2446399702.78
RUS,2019,3783262556.01,2667593147.46
RUS,2020,4045348565.23,2849201366.0
RUS,2021,4893324139.31,3203484313.27
RWA,2002,1617667.0,220692.0
RWA,2003,344815.0,0
RWA,2004,1341602.0,452073.0
RWA,2005,322355.0,1297784.0
RWA,2006,1043405.0,2525773.0
RWA,2007,156934.0,2408425.0
RWA,2008,29517.0,0
RWA,2009,5688626.0,7717561.0
RWA,2010,31438498.14,11256163.0
RWA,2011,495303.04,0
RWA,2012,3329800.98,0
RWA,2013,21488111.24,13734065.0
RWA,2014,712185.52,331193.0
RWA,2015,10412687.87,0
RWA,2016,1005609.33,0
RWA,2017,630563.52,0
RWA,2018,1233491.62,0
RWA,2019,8007217.85,0
RWA,2020,4267013.12,0
RWA,2021,6490617.09,0
SAU,2002,13914951.0,17965920.0
SAU,2003,16660021.0,17030406.0
SAU,2004,22634695.0,21883578.0
SAU,2005,38591660.0,30448173.0
SAU,2006,55566685.0,49332993.0
SAU,2007,83306463.0,51466335.0
SAU,2008,136602571.0,118257300.0
SAU,2009,117459875.0,103880031.0
SAU,2010,152105790.0,143971442.0
SAU,2011,359288449.0,261720092.0
SAU,2012,1307592034.0,599066408.0
SAU,2013,2176066720.0,470935390.0
SAU,2014,2649098070.0,534232671.0
SAU,2015,3001771868.8,534044074.0
SAU,2016,1840111900.14,394082586.73
SAU,2017,1789427534.06,431924434.7
SAU,2018,1670537191.48,332498513.28
SAU,2019,1600813330.91,349964636.88
SAU,2020,1223354220.35,439156687.5
SAU,2021,1434538954.0,371081018.83
SDN,2012,27642103.0,28930491.0
SDN,2013,11970186.0,20756692.0
SDN,2014,18969565.7,27338254.0
SDN,2015,13576458.0,22407262.0
SDN,2016,11406928.0,24560419.88
SDN,2017,22035656.0,37379644.4
SDN,2018,13911478.0,0
SEN,2002,23707430.0,13761367.0
SEN,2003,22000902.0,33974859.0
SEN,2004,53751153.0,57165890.0
SEN,2005,76176609.0,41893559.0
SEN,2006,27279372.0,9483456.0
SEN,2007,14465330.0,9953706.0
SEN,2008,66316076.0,102549757.0
SEN,2009,80717531.0,107155398.0
SEN,2010,52488597.38,80345942.0
SEN,2011,120735721.0,190245590.0
SEN,2012,29539123.0,91228608.0
SEN,2013,25522451.0,43183712.0
SEN,2014,17505425.0,55369590.0
SEN,2015,8404216.0,39592368.0
SEN,2016,4218807.0,26868975.62
SEN,2017,8564060.28,38643655.2
SEN,2018,6060350.22,25860051.29
SEN,2019,26906527.98,52562502.85
SEN,2020,44273869.15,38806701.01
SEN,2021,12511200.61,30301545.24
SGP,2002,937343995.0,961126051.0
SGP,2003,1024794157.0,1024708986.0
SGP,2004,1401558633.0,1485257337.0
SGP,2005,1816551486.0,1916973034.0
SGP,2006,1651564766.0,1658841751.0
SGP,2007,2142544205.0,2234386420.0
SGP,2008,2431456711.0,2713824006.0
SGP,2009,2318679075.0,2075621161.0
SGP,2010,1608381913.3,2121313598.0
SGP,2011,1658189871.49,2149252194.0
SGP,2012,2245854110.47,2367682539.0
SGP,2013,3057388367.96,2691473638.0
SGP,2014,3200066924.89,2942039930.0
SGP,2015,3597200834.17,3256607245.0
SGP,2016,3002346173.51,2419889198.94
SGP,2017,3356055925.8,2979172320.1
SGP,2018,3466519467.9,3195876740.12
SGP,2019,3646547152.34,3174304977.65
SGP,2020,4010905309.28,3009332682.11
SGP,2021,4380530904.84,3967504129.5
SLB,2002,5232.0,12373.0
SLB,2003,7167.0,2055416.0
SLB,2004,27267.0,53676.0
SLB,2005,71557.0,63195.0
SLB,2006,172962.0,323781.0
SLB,2007,152411.0,485172.0
SLB,2008,374822.0,0
SLB,2009,1081523.3,0
SLB,2010,5032887.0,9890097.0
SLB,2011,2399877.3,0
SLB,2012,456432.61,0
SLB,2013,507685.0,0
SLB,2014,1016189.01,0
SLB,2015,5707610.0,9988793.0
SLB,2016,29325798.0,25703415.2
SLB,2017,33538878.67,16794232.5
SLB,2018,27031363.23,0
SLE,2002,25438.0,690887.0
SLE,2003,0,495835.0
SLE,2004,0,2373840.0
SLE,2005,0,7946503.0
SLE,2006,0,14122349.0
SLE,2007,0,8440933.0
SLE,2008,0,25659349.0
SLE,2009,0,31511254.0
SLE,2010,0,19149365.0
SLE,2011,0,38109197.0
SLE,2012,0,16437374.0
SLE,2013,0,14286237.0
SLE,2014,842844.0,25722497.0
SLE,2015,97527.0,14581910.0
SLE,2016,11154948.0,17223552.96
SLE,2017,11038870.89,18521988.5
SLE,2018,9955104.76,0
SLV,2002,769138.16,1076470.0
SLV,2003,691567.36,482086.0
SLV,2004,1167441.13,1396119.0
SLV,2005,2793517.1,1448837.0
SLV,2006,3842776.85,997602.0
SLV,2007,5213027.11,1749778.0
SLV,2008,7916190.76,4327034.0
SLV,2009,8804065.88,0
SLV,2010,8808833.73,3836150.0
SLV,2011,15919516.09,5689232.0
SLV,2012,18376841.99,6349744.0
SLV,2013,25151805.46,0
SLV,2014,36987960.89,12824876.0
SLV,2015,56110450.58,14575676.0
SLV,2016,59046593.67,19144718.26
SLV,2017,72854440.49,32448186.8
SLV,2018,53789239.88,0
SLV,2019,82123030.99,0
SLV,2020,99591555.09,0
SLV,2021,155477447.14,0
SRB,2006,28170053.0,0
SRB,2007,50485360.0,0
SRB,2008,75365748.0,0
SRB,2009,55153631.0,5203807.0
SRB,2010,53535349.0,9082633.0
SRB,2011,53889953.0,0
SRB,2012,67736177.0,0
SRB,2013,76459653.0,0
SRB,2014,88107565.0,0
SRB,2015,105275316.0,0
SRB,2016,142340183.0,0
SRB,2017,179352910.0,11797448.1
SRB,2018,206182681.0,0
SRB,2019,214894781.0,0
SRB,2020,225474277.0,0
SRB,2021,232108892.0,0
STP,2002,0,72995.0
STP,2003,0,34487.0
STP,2004,356886.0,0
STP,2005,1443842.0,7156.0
STP,2006,623442.0,0
STP,2010,166.0,0
STP,2012,794419.0,0
STP,2015,45485.0,0
STP,2017,80109.69,0
STP,2018,135867.21,0
STP,2019,355725.69,0
STP,2020,322096.89,0
STP,2021,187578.05,0
SUR,2002,0,263668.0
SUR,2003,42211.0,182948.0
SUR,2004,147469.0,1348161.0
SUR,2005,141486.0,527572.0
SUR,2006,420937.0,1943091.0
SUR,2007,420150.0,1572717.0
SUR,2008,451182.0,1953768.0
SUR,2009,398007.0,0
SUR,2010,553113.0,3312335.0
SUR,2011,426076.0,0
SUR,2012,568019.0,0
SUR,2013,3508168.0,0
SUR,2014,972195.0,2251274.0
SUR,2015,828755.66,0
SUR,2016,580733.8,0
SUR,2017,798233.21,1744463.5
SUR,2018,2745558.48,0
SUR,2019,2236764.91,0
SUR,2020,940904.57,0
SUR,2021,1596490.26,0
SVK,2002,16704396.0,7253994.0
SVK,2003,20255605.0,8210543.0
SVK,2004,22005632.0,8619666.0
SVK,2005,24401145.0,11658140.0
SVK,2006,38514906.0,23068199.0
SVK,2007,82127140.0,71480274.0
SVK,2008,130936769.0,109809967.0
SVK,2009,143831927.0,89803560.0
SVK,2010,212080309.69,111378158.0
SVK,2011,299877853.5,156902383.0
SVK,2012,618794293.09,290935399.0
SVK,2013,1723393014.39,391940771.0
SVK,2014,2528542896.05,370488828.0
SVK,2015,2530217891.34,275550684.0
SVK,2016,3216410815.77,416720716.11
SVK,2017,4438325502.46,703322243.3
SVK,2018,5422600791.73,1028174941.76
SVK,2019,4659025483.37,912881012.16
SVK,2020,4279233250.77,1164815685.7
SVK,2021,4766110300.92,1235722292.38
SVN,2002,8279238.0,2175634.0
SVN,2003,10929507.0,2230173.0
SVN,2004,14872478.0,6969284.0
SVN,2005,19551910.0,8892043.0
SVN,2006,24031856.0,11517321.0
SVN,2007,34155751.0,18087893.0
SVN,2008,46711905.0,20651915.0
SVN,2009,39985085.0,17755659.0
SVN,2010,46094161.0,24529042.0
SVN,2011,58364036.0,24747262.0
SVN,2012,46203197.0,35445672.0
SVN,2013,56448621.0,44325063.0
SVN,2014,99238908.0,102128474.0
SVN,2015,128583869.0,196478851.0
SVN,2016,133618942.21,264509642.35
SVN,2017,141714609.83,286203515.5
SVN,2018,164732276.73,291472842.15
SVN,2019,171990189.73,342235202.0
SVN,2020,196710545.27,283970551.24
SVN,2021,312112454.22,439945609.01
SWE,2002,80752595.0,62370143.0
SWE,2003,110357636.0,89970915.0
SWE,2004,127762325.0,108547849.0
SWE,2005,141627746.0,133583843.0
SWE,2006,178047876.0,170964850.0
SWE,2007,215703099.0,202356022.0
SWE,2008,243384320.0,224896287.0
SWE,2009,223900753.0,204621272.0
SWE,2010,282299825.0,233221185.0
SWE,2011,407955566.0,427363083.0
SWE,2012,703317839.92,673706655.0
SWE,2013,979660897.53,905338849.0
SWE,2014,987653900.66,961093816.0
SWE,2015,943986699.45,936220268.0
SWE,2016,1027895661.71,914702530.52
SWE,2017,1170567939.32,970572121.0
SWE,2018,1267105583.89,1157248463.57
SWE,2019,1195700043.19,1185836391.52
SWE,2020,1388347355.42,1126650841.9
SWE,2021,1540651420.39,1198981916.09
SWZ,2002,0,7373596.0
SWZ,2004,0,4037277.0
SWZ,2005,176486.0,1945222.0
SWZ,2008,127865.03,5497394.0
SWZ,2009,108034.27,0
SWZ,2010,1043671.74,5521099.0
SWZ,2011,1263609.28,4067586.0
SWZ,2012,406210.12,0
SWZ,2013,1051946.77,0
SWZ,2014,912209.74,0
SWZ,2015,603790.69,0
SWZ,2016,259030.47,0
SWZ,2017,266220.09,0
SWZ,2018,645500.32,0
SWZ,2019,458783.55,0
SWZ,2020,832045.82,0
SWZ,2021,1092461.2,0
SYC,2002,20136.0,244162.0
SYC,2003,228356.37,173150.0
SYC,2004,731559.15,305938.0
SYC,2005,844487.02,0
SYC,2006,1204440.36,484480.0
SYC,2007,893924.71,0
SYC,2008,1448079.25,0
SYC,2009,594923.48,0
SYC,2010,1062649.59,0
SYC,2011,1757076.48,0
SYC,2012,2865413.98,0
SYC,2013,3249043.71,0
SYC,2014,2849165.1,798.0
SYC,2015,2029957.86,0
SYC,2016,1577712.59,0
SYC,2017,1577138.35,0
SYC,2018,1793379.89,0
SYC,2019,2190720.15,0
SYC,2020,2539121.76,0
SYC,2021,1872358.87,0
SYR,2002,7476537.0,1297630.0
SYR,2003,19362904.0,3609090.0
SYR,2004,0,2764809.0
SYR,2005,9032418.0,9358062.0
SYR,2006,7918566.0,11546817.0
SYR,2007,11510569.0,17276402.0
SYR,2008,15091317.0,43812343.0
SYR,2009,32644727.0,49381433.0
SYR,2010,19088974.0,33674556.0
SYR,2011,0,36386252.0
SYR,2012,0,42964715.0
SYR,2013,0,23785869.0
SYR,2014,0,34949104.0
SYR,2015,0,23510059.0
SYR,2016,0,32193143.85
SYR,2017,0,40922209.4
TCA,2002,0,11424.0
TCA,2005,0,5374.0
TGO,2002,211285.0,1375198.0
TGO,2003,346377.0,1449939.0
TGO,2004,492517.0,4956114.0
TGO,2005,826775.0,5791984.0
TGO,2006,0,7283250.0
TGO,2007,884907.0,7949914.0
TGO,2008,3115128.66,27224854.0
TGO,2009,7379075.87,18399190.0
TGO,2010,3362818.9,29927584.0
TGO,2011,2803774.37,36293841.0
TGO,2012,5920293.6,29642261.0
TGO,2013,3662585.16,40389418.0
TGO,2014,6009932.43,26608880.0
TGO,2015,1735599.46,16882710.0
TGO,2016,2398984.86,48538238.73
TGO,2017,8106592.8,92835071.5
TGO,2018,4979390.15,111222851.55
TGO,2019,5616077.03,105803921.03
TGO,2020,12424880.83,174478464.7
TGO,2021,14857484.97,206309105.58
THA,2002,240221214.0,227250958.0
THA,2003,336789989.0,335411249.0
THA,2004,439283088.0,518050043.0
THA,2005,893509386.0,862977652.0
THA,2006,906359712.0,897550668.0
THA,2007,1113261087.0,1030035429.0
THA,2008,1441592112.0,1288546819.0
THA,2009,1385390294.0,1314224616.0
THA,2010,1396708552.0,1182842286.0
THA,2011,2027100638.0,1938258935.0
THA,2012,2986331493.0,2832178265.0
THA,2013,3268955187.0,3069558995.0
THA,2014,3937621450.0,3473523370.0
THA,2015,4050387774.67,3177665958.0
THA,2016,4414543762.53,3690731565.78
THA,2017,4955105948.92,4800868768.4
THA,2018,5709016581.0,5267503718.61
THA,2019,5443781313.95,5050229682.32
THA,2020,5436256082.77,4904499747.39
THA,2021,6968131746.57,6066102393.71
TJK,2002,0,44044.0
TJK,2003,0,94256.0
TJK,2004,0,7776.0
TJK,2005,0,196364.0
TJK,2006,0,234904.0
TJK,2007,0,336299.0
TJK,2011,0,1030867.0
TJK,2012,0,2165940.0
TJK,2014,2326531.0,0
TJK,2015,2053403.0,0
TJK,2016,2358520.0,0
TJK,2017,2141795.0,0
TJK,2018,1859188.0,0
TJK,2019,2646935.0,0
TJK,2020,4178771.31,0
TJK,2021,4180154.0,0
TLS,2002,0,2411158.0
TLS,2003,0,4834270.0
TLS,2004,5241892.0,9647118.0
TLS,2005,4533854.0,12354293.0
TLS,2006,0,12182411.0
TLS,2007,0,15566071.0
TLS,2008,0,58888631.0
TLS,2009,0,99412494.0
TLS,2010,0,52856155.0
TLS,2011,0,13016732.0
TLS,2012,0,34408329.0
TLS,2013,39810879.0,46889450.0
TLS,2014,0,63307560.0
TLS,2016,0,47296198.63
TLS,2017,38895026.82,23968463.5
TLS,2018,25378922.37,0
TLS,2019,28610683.56,0
TLS,2020,20625716.15,0
TLS,2021,25293220.79,0
TON,2002,120.0,168990.0
TON,2003,8009.0,0
TON,2004,15765.0,0
TON,2005,7491.0,31850.0
TON,2006,47291.0,182624.0
TON,2007,23588.0,190131.0
TON,2008,23809.0,0
TON,2009,26722.0,0
TON,2010,28092.0,0
TON,2011,110746.0,0
TON,2012,372917.0,0
TON,2013,457407.0,0
TON,2014,652532.0,0
TON,2017,1095678.43,0
TON,2018,856844.34,0
TON,2019,1149133.95,0
TON,2020,1740678.42,0
TON,2021,1298635.41,0
TTO,2002,555930.0,117393.0
TTO,2003,687908.0,295718.0
TTO,2004,1148900.0,982555.0
TTO,2005,1399417.0,993040.0
TTO,2006,2797460.0,1332511.0
TTO,2007,2870818.0,1265464.0
TTO,2008,8753970.0,5958848.0
TTO,2009,8893380.0,3851685.0
TTO,2010,5452338.0,3687394.0
TTO,2011,5904213.25,3583356.0
TTO,2012,8984547.99,5427288.0
TTO,2013,12549082.75,5153257.0
TTO,2014,25812009.05,9098829.0
TTO,2015,15815437.76,7005326.0
TTO,2016,15047381.03,9530049.64
TTO,2017,17082006.92,7985486.8
TTO,2018,20078000.07,0
TTO,2019,22536639.66,0
TTO,2020,20070814.33,0
TTO,2021,95943018.42,0
TUN,2002,1506234.0,746952.0
TUN,2003,2609981.0,1579986.0
TUN,2004,2488900.0,1133303.0
TUN,2005,4103552.0,2398161.0
TUN,2006,4080961.0,3612449.0
TUN,2007,14795430.0,6164547.0
TUN,2008,11495525.0,12656626.0
TUN,2009,16727143.0,9601454.0
TUN,2010,12213772.0,10687925.0
TUN,2011,19927409.0,22455812.0
TUN,2012,48712196.0,43686585.0
TUN,2013,39914576.0,36234453.0
TUN,2014,94899858.0,47041291.0
TUN,2015,95190341.0,43108197.0
TUN,2016,56093328.0,42420229.02
TUN,2017,81134264.87,39691804.1
TUN,2018,76948955.98,38177271.87
TUN,2019,74842152.15,21441261.38
TUN,2020,59758049.24,25721963.64
TUN,2021,67634654.31,24421477.41
TUR,2002,38127733.0,23566380.0
TUR,2003,54671439.0,31315958.0
TUR,2004,80311013.0,46755703.0
TUR,2005,110208050.0,60209467.0
TUR,2006,189207048.0,141920142.0
TUR,2007,312680188.0,201803768.0
TUR,2008,443117876.0,330492343.0
TUR,2009,456659862.0,284325349.0
TUR,2010,751327484.0,528660591.0
TUR,2011,1009484357.0,771727395.0
TUR,2012,1213957247.0,862727020.0
TUR,2013,1688336667.0,1173914151.0
TUR,2014,2078118273.0,1507590642.0
TUR,2015,1914801140.0,1359630344.0
TUR,2016,1775570972.0,1328764249.34
TUR,2017,2687087615.0,1901763843.8
TUR,2018,1917259304.0,1413135898.89
TUR,2019,1574622060.0,1140412274.59
TUR,2020,1368554962.0,980123215.13
TUR,2021,1573070829.0,1227997667.47
TUV,2002,2144.0,13500.0
TUV,2003,0,6210.0
TUV,2004,1543.0,0
TUV,2005,229.0,12312.0
TUV,2006,2842.0,0
TUV,2008,1698.0,0
TZA,2002,1013581.0,6074206.0
TZA,2003,17742651.0,20662196.0
TZA,2004,21420439.0,25041714.0
TZA,2005,10641493.0,22485200.0
TZA,2006,3071902.0,22586311.0
TZA,2007,2403940.0,18475254.0
TZA,2008,7606864.0,26589638.0
TZA,2009,3891449.0,29015915.0
TZA,2010,3045074.0,35669844.0
TZA,2011,2356506.0,24130879.0
TZA,2012,11982681.0,37278725.0
TZA,2013,16256010.0,25576231.0
TZA,2014,11543781.0,51641543.0
TZA,2015,94296882.0,62095494.0
TZA,2016,19061865.0,28575800.97
TZA,2017,29062025.0,29014130.3
TZA,2018,39364467.41,50656123.16
TZA,2019,29268642.36,58627417.75
TZA,2020,20541075.48,37928518.02
TZA,2021,35952796.56,53428904.77
UGA,2002,5202308.0,112613.0
UGA,2003,6475539.0,485599.0
UGA,2004,10655177.0,609738.0
UGA,2005,11732259.0,1415449.0
UGA,2006,10972110.0,3981756.0
UGA,2007,5524796.0,2104400.0
UGA,2008,8942639.0,4540500.0
UGA,2009,19575528.0,4603905.0
UGA,2010,12774506.0,9231098.0
UGA,2011,11631405.0,2751742.0
UGA,2012,8697260.0,4396176.0
UGA,2013,32767802.0,19102351.0
UGA,2014,11658237.0,3387533.0
UGA,2015,21978194.0,0
UGA,2016,29331045.0,0
UGA,2017,21022152.26,0
UGA,2018,16964137.46,3184763.21
UGA,2019,14086360.42,2547191.62
UGA,2020,49419363.0,2942306.18
UGA,2021,28094623.03,6326898.99
UKR,2002,22566910.0,30388363.0
UKR,2003,25305470.0,26422382.0
UKR,2004,27546320.0,33389438.0
UKR,2005,41311050.0,39192103.0
UKR,2006,54250044.0,64602423.0
UKR,2007,82814768.0,116356506.0
UKR,2008,171303861.0,256560163.0
UKR,2009,113922026.0,129189374.0
UKR,2010,117619802.0,115728642.0
UKR,2011,209793884.0,194524095.0
UKR,2012,321482195.0,220906654.0
UKR,2013,356252573.0,256525504.0
UKR,2014,290123750.0,229359674.0
UKR,2015,251960755.0,159962799.0
UKR,2016,304247799.55,188512967.56
UKR,2017,393332525.14,246108056.9
UKR,2018,414623103.07,251699593.11
UKR,2019,430485932.39,247573043.45
UKR,2020,459828295.64,284456451.18
UKR,2021,565199457.69,344712958.13
URY,2002,582228.0,930889.0
URY,2003,430229.0,455434.0
URY,2004,732743.0,1150121.0
URY,2005,1235378.0,2382768.0
URY,2006,2326633.0,3423880.0
URY,2007,4085893.0,6055343.0
URY,2008,6219733.0,9220633.0
URY,2009,9037715.0,8652881.0
URY,2010,15372934.0,16354535.0
URY,2011,27870801.0,27382824.0
URY,2012,25935329.0,23102402.0
URY,2013,28714230.0,26245553.0
URY,2014,39152667.0,46224494.0
URY,2015,46235007.0,42491302.0
URY,2016,55425076.0,49652696.48
URY,2017,62628563.05,69632921.8
URY,2018,41381043.36,54349134.89
URY,2019,50199176.97,57926216.58
URY,2020,53939348.01,60094795.64
URY,2021,81191934.86,79627649.8
USA,2002,2584729536.0,2453229626.0
USA,2003,4909551803.0,3939559132.0
USA,2004,5726298654.0,5026606126.0
USA,2005,7207120752.0,5927443825.0
USA,2006,9265019927.0,7850415462.0
USA,2007,11425322906.0,10111427527.0
USA,2008,13853633480.0,11902833805.0
USA,2009,13038309109.0,11415617722.0
USA,2010,15888133946.0,14250850102.0
USA,2011,18456988144.0,16970422000.0
USA,2012,21371334227.0,19680928506.0
USA,2013,25904255996.0,23869948676.0
USA,2014,32011177839.0,28649808856.0
USA,2015,39692685557.0,33475028550.0
USA,2016,43747875466.0,38473176751.16
USA,2017,48421110342.0,41549714669.6
USA,2018,51277489489.0,47580105780.65
USA,2019,69385153230.0,61403966393.11
USA,2020,83211920317.0,77072438528.13
USA,2021,108195516670.0,96327539432.85
UZB,2002,0,292549.0
UZB,2003,0,66860.0
UZB,2004,0,321621.0
UZB,2005,0,201461.0
UZB,2006,0,479240.0
UZB,2007,0,941778.0
UZB,2008,0,2769305.0
UZB,2010,0,1941961.0
UZB,2011,0,5705020.0
UZB,2012,0,3552100.0
UZB,2013,0,5132950.0
UZB,2014,0,14808868.0
UZB,2015,0,18017573.0
UZB,2016,0,9657682.9
UZB,2017,12210675.0,8354710.5
UZB,2018,25787329.99,24786861.7
UZB,2019,59708396.37,36894271.47
UZB,2020,72907933.04,40585059.3
UZB,2021,118289242.27,23102151.43
VCT,2002,21381.0,28170.0
VCT,2003,0,35508.0
VCT,2004,26311.0,0
VCT,2005,6516.0,0
VCT,2006,22060.0,0
VCT,2007,112376.0,0
VCT,2008,64400.0,0
VCT,2009,85131.0,0
VCT,2010,90899.0,0
VCT,2011,43587.0,0
VCT,2012,268968.0,0
VCT,2013,174390.33,0
VCT,2014,129553.96,0
VCT,2015,245347.65,0
VCT,2016,263745.01,0
VCT,2017,610034.93,0
VCT,2018,2133874.02,0
VCT,2019,501687.75,0
VCT,2020,502134.95,0
VCT,2021,811088.49,0
VEN,2002,2517461.0,4119229.0
VEN,2003,6417792.0,1168802.0
VEN,2004,5400684.0,4708336.0
VEN,2005,6725122.0,7175936.0
VEN,2006,17327723.0,11667697.0
VEN,2007,9511084.0,11818908.0
VEN,2008,44897719.0,19890288.0
VEN,2009,54786918.0,13878107.0
VEN,2010,56551205.0,21399284.0
VEN,2011,29341149.0,27272748.0
VEN,2012,34282314.0,26609391.0
VEN,2013,18181652.0,26556909.0
VEN,2014,0,57770493.0
VEN,2015,0,15446010.0
VEN,2016,0,18757585.29
VEN,2017,0,19987632.8
VEN,2018,0,20774980.92
VEN,2019,0,20531400.98
VEN,2020,0,22016283.9
VEN,2021,0,25520140.02
VUT,2002,0,32955.0
VUT,2003,0,2042703.0
VUT,2004,0,159160.0
VUT,2005,0,3687.0
VUT,2006,325103.0,0
VUT,2007,553600.0,0
VUT,2009,2888521.0,0
VUT,2010,2901223.0,0
VUT,2011,1877827.0,0
VUT,2012,0,1849281.0
VUT,2013,0,11121328.0
VUT,2014,0,1682243.0
VUT,2016,0,11142723.9
VUT,2017,0,12458286.5
WSM,2002,65792.0,52149.0
WSM,2003,25451.0,155309.0
WSM,2004,38210.0,0
WSM,2005,86197.0,46480.0
WSM,2006,61935.0,0
WSM,2007,36392.0,1077943.0
WSM,2008,355724.0,0
WSM,2009,835610.0,3823949.0
WSM,2010,661996.0,4177231.0
WSM,2011,1297918.0,0
WSM,2012,1876663.0,0
WSM,2013,764302.0,0
WSM,2014,1538384.0,0
WSM,2015,3942045.0,0
WSM,2016,3324462.0,0
WSM,2017,4702017.83,0
WSM,2018,3483910.41,0
WSM,2019,1890228.51,0
WSM,2021,2991748.7,0
YEM,2002,0,235610.0
YEM,2003,0,1382132.0
YEM,2004,5567857.0,10885396.0
YEM,2005,3827107.0,6639147.0
YEM,2006,5568263.0,14552785.0
YEM,2007,19565008.0,14330136.0
YEM,2008,23182589.0,22485930.0
YEM,2009,12168797.0,16107652.0
YEM,2010,10018064.0,14960848.0
YEM,2011,10137935.0,14603947.0
YEM,2012,14435512.0,21790044.0
YEM,2013,14843883.0,23773397.0
YEM,2014,19735199.0,24539796.0
YEM,2015,12965580.0,15608038.0
YEM,2016,0,19352292.17
YEM,2017,0,24812110.5
YEM,2018,2568529.5,0
YEM,2019,7740228.85,0
ZAF,2002,21141492.0,15526171.0
ZAF,2003,30059058.0,22668512.0
ZAF,2004,47932673.0,56757528.0
ZAF,2005,75337686.0,111827022.0
ZAF,2006,93903398.0,100713864.0
ZAF,2007,134954296.0,115616915.0
ZAF,2008,157120099.0,146431857.0
ZAF,2009,211700906.0,377889858.0
ZAF,2010,370555674.36,494061980.0
ZAF,2011,404593401.96,1864417044.0
ZAF,2012,642956679.62,612646139.0
ZAF,2013,990073735.91,764163549.0
ZAF,2014,1060780737.73,792974886.0
ZAF,2015,1261221079.85,1038858463.0
ZAF,2016,1193951332.29,868783019.37
ZAF,2017,1021146812.71,750597503.5
ZAF,2018,900923959.5,724456247.21
ZAF,2019,960236932.35,800100530.62
ZAF,2020,880387942.76,681142093.06
ZAF,2021,1062936091.44,847004431.7
ZMB,2002,112157.0,133239.0
ZMB,2003,424005.0,767147.0
ZMB,2004,339221.0,924836.0
ZMB,2005,250888.0,1522946.0
ZMB,2006,663222.0,2084027.0
ZMB,2007,2408185.0,0
ZMB,2008,4181694.32,3401973.0
ZMB,2009,3647012.26,2996658.0
ZMB,2010,1746852.31,3450453.0
ZMB,2011,7954323.42,3256526.0
ZMB,2012,10227986.11,5157448.0
ZMB,2013,12881422.61,9788510.0
ZMB,2014,13540353.6,3531240.0
ZMB,2015,20224392.15,22042906.0
ZMB,2016,45099386.6,15475094.0
ZMB,2017,27639004.85,2940926.4
ZMB,2018,2409893.69,0
ZMB,2019,9904654.95,0
ZMB,2020,5741301.22,0
ZMB,2021,14007639.21,0
ZWE,2002,152333.37,65968.0
ZWE,2003,17434.25,75009.0
ZWE,2004,0,15111.0
ZWE,2005,33143.34,225356.0
ZWE,2006,391918.11,47916.0
ZWE,2007,1845964.47,675024.0
ZWE,2008,453550.59,0
ZWE,2009,155756.52,0
ZWE,2010,5734405.06,4420580.0
ZWE,2011,5946696.6,1015317.0
ZWE,2012,7944009.3,3143569.0
ZWE,2013,6196878.88,677885.0
ZWE,2014,1477167.77,5410790.0
ZWE,2015,433535.35,11046202.0
ZWE,2016,1330285.83,15396530.1
ZWE,2017,1008951.88,12561856.5
ZWE,2018,207582.56,0
ZWE,2019,275509.68,0
ZWE,2020,230961.21,0
ZWE,2021,299966.21,0
